#chr	position	ref_samp	allele_id	TL_p75	read_TLs	read_lengths	read_mapq	tvr_len	tvr_consensus	supporting_reads
chr2p	6410	t2t-cn1-mat	12	1225	-194,103,1189,1334	14568,29886,23211,14423	16,10,11,1	1240	CCCCCAAAAAAACCCCCCVVVVVVVVVVVVVVCCCCCCLLLLLLLLLLLLLLLLLLLLLLLLCCCCCCVVVVVVVVCCCCCCCCCCCCPPPPPPPPPPPPPPPPPPPPPPPPPPPPPPPQQQQQQPQQQQQQPQQQQQQAKKKKKKFFFFFFFFFFFFACCCCCCCCCCCCHHHHHHHHHHHHPPPPPPPPPPPPPPPPPPPPPNNNNNNNNNNNNNNNNNNCCCCCCDDDDDDEEEEEEDDDDDDDDDDDDDDDDDDTTTTTTTCCCCCCTTTTTTTVVVVVVVVVVVVVVVVVVVVVNNNNNNCCCCCCCCCCCCAAAAAAACCCCCCSSSSSSCCCCCCCCCCCCCCCCCCVVVVVVVVVVVVVVVVVVVVCCCCCCCCCCCCNNNNNNNNNNNNNNNNNVVVVVVVVVVVVVVVVVVVVCCCCCCCCCCCCCCCCCCCCCCCCCCCCCCCCCCCCCCCCCCCCCCCCTTTTTTTTTTTTTTTTTTTTCCCCCCCCCCCCCCCCCCCCCCCCCCCCCCCCCCCCCCCCCCCCCCCCCCCCCCSSSSSSSSCCCCCCCCCCCCDDDDDDDDDDDDDDDDDDDDDDDDDDDDDDDDDDDDPPPPPCCCCCCCCCCCCCCCCCCCCCCCCCCCCCCCCCCCCCCCCCCVVVVVVVVVVVVVVHHHHHHHHHHHHHHHHHHHHHHHHHHHHHHHHHHHHHHHHHHVVVVVVVVVVVVVVVVVVVVVVCCCCCCCCCCCCCCCCCCCCCCCCCCCCCCCCCCCCCCCCCCCCCCCCCCCCCCCCCCCCCCCCCCCCCCCCCCCCCCCCCCCCCCCCCCCCCCCCCCCCCCCCCCCCCCCCVVVVVVVCCCCCCCCCCCCCCCCCCCCCCCCCCCCCCCCCCCCCCCCCCCCCCCCCCCCCCCCCCCCCCCCCCTTTTTTTCCCCCCCCCCCCCCCCCCCCCCCCCCCCCCCCCCCCCCCCCCCCCCCCCCCCCCCCCCCCCCCCCCCCCCCCCCCCCCCCCCCCCCCCCCCCCCCCCCCCCCCCCCCCCCCCCCCCCCCCCCCCCCCCCCCCCCCCCCCCCCCCCCCCCCCCCCCCCCCCCCCCCCCCCCCCCCCCCCCCCCCCCCCCCCCCCCCCCCCCCCCCCCCCCCCCCVVVCCCCCCCCCCCCCCCCCCCCCCCCCCCCCCVVVVVCCCCCCCCCCCCCCHHHHHHHHHHHHHHHHHHHHHHHHHHHHHHHHHHHHHHHHHHHHHHHHHHHHHHHHH	m84091_241205_180120_s2/23724757/ccs,m84091_241209_233055_s4/37290570/ccs,m84091_241209_233055_s4/162136672/ccs,m84091_241209_233055_s4/97126314/ccs
chr3q	489680	t2t-ksa001-pat	28	2985	-267,-13,2882,2984,2986,3044	24220,20979,14309,16290,22116,14875	17,1,11,1,1,8	1137	CCCAAAAAACCCCCCCCCCCCCCCCCCCCCCCCCCCCCCCCCCCCCCCCCCCCCNNNNNNNNNNNNNNNNNNCCCCCCVVVVVVVVCCCCCCAACCCCCCCCCCCCCCCCCCCCCCCCNNNNNNNNNNNNCCCCCCCCCCCCCCCCCCCCCCCCCCCCCCCCCCCCCCCNNNNNNCCCCCCCCCCCCCCCCCCCCCCCCVVVVVVVVCCCCCCCCCCCCCCCCCCCCCCCCPPPPPPPPPPPPPPPPPPPPPPPPPPPPNNNNNNPPPPPPPNNNNNNVVVVVVVVVVVVVVVVVVVVVCCCCCCCCCCCCVVVVVVVVVVVVVVCCCCCCCCCCCCCCCCCCCCCCCCCCCCCCCCCCCCCCCCCCCCCCCCCCCCCCCCCCCCCCCCCCCCCCCCCHHHHHHHHHHHHHHHHHHHHHHHHHHHHHHHHHHHHHCCCCCCVVVVVVVVVVVVVVCCCCCCHHHHHHHHHHHHHHHHHHHHHHHHHHHHHHHHHHHHVVVVVVVVVVVVVVCCCCCCCCCCCCCCCCCCCCCCCCCCCCCVVVVVVVVVVVVVVVVVVVVVVVVVVVVCCCCCCCCCCCCCCCCCCCCCCCCCCCCCCCCCCCCCCCCCCCCCCCCCCCCCCCCCCCCCCCCCCCCCCCCCCCCCCCCCCCCCCCCCCCCCCCCCCCCCCCCCCCCCCCCCCCCCCCCCCCCCCCVVVVVCCCCCCCCCCCCCCAACCCCCCCCCCCCAACCCCCCCCCCCCAACCCCCCCCCCCCCCCCCCCCCCCCCCCCCCCCCCCCCCCCCCCCCCCCCCCCCCVVVVVVVVVVVVVVVVVVVVVCCCCCCCCCCCCCCCCCCCCCCCCCCCCCCCCCCCCCCCCCCCCCCCCCCCCCCCCCCCCCCCCCCCCCCCCCCCCCCCCCCCVVVVVVVVVVVVVVVVVVVVCCCCCCCCCCCCCCCCCCCCCCCCCCCCCCCCCCCCCCCCCCCCCCCCTTTTTTTTTTTTTTTTTTTTTTTTTTTTTTTTTTTTTTTTTTCCCCCCCCCCCCCCCCCCCCCCCCCCCCCCCCCCCCCCCCCCCCCCCCCCCCCCCCCCCCCCCCCCCCCCCCCCCCCCCCCCCCCCCCCCCCCCCCCCCVVVVVVVVVVVVVVVVVVVVVVVVVV	m84091_241209_213135_s3/148574307/ccs,m84091_241205_180120_s2/100011952/ccs,m84091_241209_233055_s4/127407254/ccs,m84091_241205_180120_s2/143201048/ccs,m84091_241209_233055_s4/152311517/ccs,m84091_241209_233055_s4/224466711/ccs
chr5p	4726	t2t-yao-mat	15	4142	311,713,3987,4608	17828,17806,23205,32534	1,1,1,1	1414	CCCCCCCCCCCCCCCCCCCCCHHHHHHHHHHHHHHHHHHHHHHHHHHHHHHCCCCCCCCCCCCCCCCCCVVVVVVVCCCCCCCCCCCCCCCCCCCCCCCCCCCCCCCCCCCCCCCCCCCCCCCVVVVVVVVVVVVVVVVVVVVVVVVVVVVCCCCCCCCCCCCCCCCCCCCCCCCCCCCCCCCCCCCCCCCCCCCCCCCCCCCCCCCCCCCCCCCCCCCCDDDDDDDDDDDDDDDDDDACCCCCCCCCCCCCCCCCCCCCCCCCCCCCCCCCCCCCCCCCCCCCCCCCCCCCCCCCCCCCCCCCCCCCCCCCCCCDDDDDDCCCCCCDDDDDDDDDDDDDDDDDDADDDDDDCCCCCCVVVVVVVVVVVVVVCCCCCCCCCCCCCCCCCCCCCCCCCCCCCCCCCCCCCCCCCCCCCCCCCCCCCCCCCCCCCCCCCCCCCCCCCCCCCCCCCCCCCCCCCLLLLLLLLLLLLLLLLLLLLLLLLLLLLLLLLLLLLMMMMMMMCCCCCCCCCCCCDDDDDDDDDDDDDDDDDDDDDDDDDDDDDDDDDDDDDDDDDDDDDDDDDDDDDDDDDDDDDDDDDDCCCCCCCCCCCCCCCCCCCCCCCCCCCCCCCCCCCCCCCCCCCCCCCCCCCCCTTTTTTTAVVVVVVVVVVVVVVVVVVVVVCCCCCCCCCCCCCCCCCCCCCCCCCCCCCCCCCCCCCCCCCCCCCCCCCCCCCCCCCCCCTTTTTTTTTTTTTTCCCCCCCCCCCCCCCCCCCCCCCCCCCCCCDDDDDDDDDDDDDDDDDDDDDDDDDDDDDDDDDDDDDDDDDDEEEEECCCCCCCCCCCCCCCCCCCCCCCCCCCCCCCCCCCCCCCCCCCCCCCCCCCCCCCCCCCCCCCCCCCCCCCCCCCCCCCCCCCCCCCCCCCCCCCCCCCCCCCCCCCCCCCCCCCCCCCCCCCCCCCCCCCCCCCCCCCCCCCCCCCCCCCCCCCTTTTTTTVVVVVVVVVVVVVVVVVVVVVCCCCCCCCCCCCCCCCCCCCCCCCCCCCCCCCCCCCCCCCCCCVVVVVVVVVVVVVVCCCCCCCCCCCCCCCCCCCCCCCCCCCCCCVVVVVVVCCCCCCCCCCCCCCCCCCCCCCCCCCCCCCCCCCCCCCCCCCCCCCCCVVVVVVCCCCCCCCCCCCCCCCCCCCCCCCCCCCCCCCCCCCCCCCCCDDDDDDDDDDDDDDDDDDDDDDDDDDDDDDDDDDDDVVVVVVVCCCCCCCDDDDDDDDDDDDDDDDDDDDDDDDDDDDDDDDDDDDDDDDDDDDDDDDDDDDDDDDDDDCCCCCCCCCCCCCCCCCCCCCCCCCCCCCCCCCCCCCCCCCCCCCCCCCCCCDDDDDDDDDDDDDDDDDDDDDDDDDDDDDDDDDDDDDDDDDDDDDDDDDDDDDDDDDDDDDDDDD	m84091_241205_180120_s2/47584976/ccs,m84091_241205_180120_s2/183110713/ccs,m84091_241205_180120_s2/109516153/ccs,m84091_241205_180120_s2/30805044/ccs
chr5q	498440	t2t-chm13	14	5200	-120,4855,5020,5741	23080,24600,19030,18671	5,1,1,1	992	CCCCCCCCCCCCCSSSSSSSSSSSSSSSSSSHHHHHHHHHHHHVVVVVVVCCCCCCCCCCCCCCCCCCCCCCCCCCCCCCCCCCCCCCCCCCCVVVVVVVVVVVVVVCCCCCCCCCCCCCCCCCCCCCCCCCCCCCCCCCCCCCCCCCCCCCCCCCCCCCCCCCCCCCCCCCCCCCCCCCCCCCCCCCCCCCCCCCCCCCCCCCCCCCCCCCCCCCCCCCCCCCCCCCCCCCCCCCCCCCCCCCCCCCCCCCCCCCCCCCCCCTTTTTTTCCCCCCCCCCCCCCCCCCCCCCCCCCCCCCCCCCCCCCCCCCCCCCCCCCCCCCCCCCCVVVVVVVCCCCCVVVVVVVVVVVVVVVVVVVVVVVVVVVVVVVVVVCCCCCCCCCCCCCCCCCCCCCCCCCCCCCCNNNNNNNNNNNNNNNNNNHHHHHHHHHHHHHHHHHHHHHHHHVVVVVVVCCCCCCCCCCCCCCCCCCFFFFFFFFFFFFFFFFFFFFFFFFFFFFFFFFFFFFFFFFFFCCCCCCFFFFFFFFFFFFFFFFFFFFFFFFCCCCCCCCCCCCFFFFFFCCCCCCFFFFFFCCCCCCFFFFFFFFFFFFFFFFFFFFFFFFFFFFFFCCCCCCFFFFFFCCCCCCCCCCCCCCCCCCCCCCCCCCCCCCCCCCCCCCCCCCCCCCCCCCCCCCCCCCCCCCFFFFFCCCCCCCFFFFFFFFFFFFFFFFFCCCCCCCCCCCCCFFFFFFFFFFFFFFFFFFFFFFFFFFFFFFFFFFFCCCCCCFFFFFFCCCCCCCCCCCCCCCCCCCFFFFFFCCCCCCCFFFFFCCCCCCCFFFFFCCCCCCCFFFFFCCCCCCCFFFFFCCCCCCCCCCCCCCCCCCCCCCCCCCCCCCCCCCCCCCCCCCCCCCCCCFFFFFFFFFFFFFFFFFFCCCCCCFFFFFFCCCCCCFFFFFFCCCCCCFFFFFFCCCCCCCCCCCCCCCCCCCCCCCCCCCCCCCCCCCCSSSSSSS	m84091_241209_213135_s3/152569470/ccs,m84091_241209_213135_s3/60817593/ccs,m84091_241209_213135_s3/101516729/ccs,m84091_241205_180120_s2/182848083/ccs
chr5q,chr6q	495010,494411	t2t-i002c-mat,t2t-yao-mat	3	4585	476,482,4451,4987	9255,13812,17461,15727	60,60,60,60	383	KKKKKKCCCCCCCCCCCCCCCCCCCCCCCCCCCCCCDDDDDDDDDDDDDDDDDDDDDDDDDDDDDDDDDDDDDDDDDDVVVVVVVVVVVVVVVVVVVVVVVVVVVVCCCCCCCCCCCCCCCCCCCCCCCCCCCVVVVVVVVVVVVVVVVVVCCCCCCCCCCCCCCCCCCCCCCCCCCCCCCCCCCCCCCCVVVVCCCCCCCCCCCCCCCCCCCCCCCCCCCCCCCCCVVVVCCCCCCCCCCCCCCCCCCCCCCCCCCCCCCCCCTTTTTTTTTTTTTTTCCCCCCCCCTTTTCCCCCCCCCCCCCCCCCCCCCCCCCCCCCCCCCCCCCCCCCCCCCHHHHHHHHHHHHHHHHHHHHHHHHHHHHHHHHHHHHHHHHHHHHHV	m84091_241209_213135_s3/124127926/ccs,m84091_241209_213135_s3/84608980/ccs,m84091_241209_233055_s4/225707976/ccs,m84091_241205_180120_s2/124190890/ccs
chr6p	1457	t2t-hg002-mat	9	2980	110,1130,2969,3016	14739,24145,11291,23678	1,1,2,1	644	FFFFFFAAAAAKKKKKKCCCCCCCCCCCCCCCCCCCCCCCCCCCCCCVVVVVVVCCCCCCCCCCCCCCCCCCCCCCCCCCCCCCVVVVVVVCCCCCCCCCCCCCCCCCCCCCCCCCCCCCCCCCCCCCCCCCCCCCCCCCCCCCCCCCCCCVVVVVVVFFFFFFFFFFFFFFFFFFFFFFFFFFFFFFFFFFFFFFFFFFFFFFFFFFFFFFCCCCCCCCCCCCCCCCCCCCCCCCCCCCCCVVVVVVVCCCCCCCCCCCCHHHHHHHHHHHHHHHHHHHHHHHHHHHHHHHHHHHHHHHHHHHHHHHHVVVVVVVVVVVVVVCCCCCCCCCCCCFFFFFFFFFFFFFFFFFFFFFFFFCCCCCCFFFFFFFFFFFFFFFFFFFFFFFFFFFFFFFFFFFFFFFFFFFFFFFFFFFFFFFFFFFFFFAAAACCCCCCCCCCCCCCCCCCCCCCCCCCCCCCCCCCCCCCCCCCCCCCCCCCCCCCCCCCCCCCCCCCCCCCCCCCCCCCSSSSSSSSCCCCCCCCCCCCCCCCCCSSSSSSSSCCCCCCCCCCCCCCCCCCCCCCCCCCCCCCCCCCCCCCCCCCCCCCCCCCCCCCCCCCCCCCCCCCCCCCCCCCCCCCCCSSSSSSSSSSSSSSSSSSSSS	m84091_241209_213135_s3/222561597/ccs,m84091_241209_213135_s3/244455178/ccs,m84091_241205_180120_s2/118816857/ccs,m84091_241209_213135_s3/125310870/ccs
chr7p	3240	t2t-i002c-mat	23	2976	536,1009,2298,5010	25350,18809,19058,16333	0,0,0,0	1037	KKKKKKAAAAAACCCAAAAACCCCCCCCCCCCCCCCCCSSSSSSCCCCCCCCCCCCCCCCCCCCCCCCCCCCCCCCCCCCCCCCCCCCCCCCCCCCCCCCCCCCCCCCCVVVVVVVCCCCCCSSSSSSCCCCCCVVVVVVVCCCCCCCCCCCCFFFFFFFFFFFFFFFFFFFFFFFFFFFFFFFFFFFFCCCCCCFFFFFFFFFFFFFFFFFFCCCCCCCCCCCCCCCCCCCCCCCCCCCCCCLLLLLLLLLLLLLLLLLLVVVVVVVVVVVVVVVVVVVVVVVVVVVVCCCCCCSSSSSSSSSSSSSSSSSSSSSSSSSSSSSSSSCCCCCCHHHHHHHHHHHHHHHHHHHHHHHHHHHHHHHHHHHHCCCCCCCCCCCCCCCCCCCCCCCFFFFFFFFFFFFTTTTTTTTTTTTTTCCCCCCCCCCCCCCCCCCCCCCCCCCCCCCCCCCCCCCCCCCCCCCCCCCCCCCCCCCCCCCCCCCCCCCCCCCCCCCCCCCCCCCCCCCCCCCCCCCCCCCCCCCCCCCCCCCCCCCCCCCCCCCCCCCCCCCCCCCCCCCCCCCCCCCCCCCCCCCCCCCCCCCCCCCCCCCCCCCCCCCCCCCCCCCCCCCCCCCCCCCCCCCCCCCCCCCCCCCCCCCCCCCCCCCCCCCCCCCCCCCCCCCCCCCCCCCCCCCCCCCCCCCCCCCCCCCCCCCCCCCCCCCCCCCCCCCCCCCCCCCCCCCCCCCCCCCCCCCCCCCCCCCCCCCCCCCCCCCCCCCCCCCCCCCNNNNNNNNNNNNNNNNNNNNNNNNNNNNNNCCCCCCCCCCCCNNNNNNNNNNNNNNNNNNNNNNNNNNNNNNNNNNNNNNNNNNNNNNNNCCCCCCCCCCCCCCCCCCCCCCCCNNNNNNNNNNNNNNNNNNNNNNNNNNNNNNNNNNNNNVVVVVVVVVVVVVVVVVVVVVCCCCCCCCCCCCCCCCCCHHHHHHHHHHHHHHHHHHHHHHHHHHHHHHHHHHHHHHHHHHHHHHHHHHHHHHHHHHHHVVVVVVVVVVVVVVVVVVV	m84091_241205_180120_s2/94962481/ccs,m84091_241205_180120_s2/189011599/ccs,m84091_241209_213135_s3/232128839/ccs,m84091_241205_180120_s2/179373763/ccs
chr7q	496909	t2t-i002c-pat	25	3807	168,203,2957,3807,4002	19714,39812,18589,16305,11189	1,1,1,1,1	666	CCCCCCVVVVVVVVVVVVVVCCCCCCCCCCCCCCCCCCCCCCCCCCCCCCVVVVVVVVVVVVVVHHHHHHHHHHHHVVVVVVVVVVVVVVHHHHHHHHHHHHHHHHHHHHHHHHHHHHHHHHHHHHHHHHHHVVVVVVVHHHHHHHHHHHHHHHHHHHHHHHHHHHHHHHHHHHHNNNNNNNNNNNNNNNNNNNNNNNNNNNNNNPPPPPPPVVVVVVVVVVVVVVVVVVVVVVVVVVVCCCCCCCCCCCCCCCCCCCCCCCCCCCCCCCCCCCCCCCCCCCCCCCCNNNNNNCCCCCCCCCCCNNNNNNCCCCCCCCCCCCCCCCCCNNNNNNCCCCCCCCCCCCCCCCCCVVVVVVVVVVVVVCCCCCCCCCCCCCCCCCCCCCCCCCCCCCCCCCCCCTTTTTTTTTTTTTTTTTTTTCCCCCCCCCCCCCCCCCCCCCCCCVVVVVVVCCCCCCCCCCCCCCCCCCCCCCCCCCCCCCVVVVVVVVCCCCCCCCCCCCCCCCCCCCCCCCCCCCCCCCCCCNNNNNNCCCCCCCCCCCCCCCCCCCCCCCCCCCCCVVVVVVVCCCCCCTTTTTTTTTTTTTCCCCCCCCCCCCCCCCCCCCCCCCCCCCCCCCCCCCCCCCCCFFFFFFFFFFFFFFFFFFTTTTTTTTTTTTTTTTTTTT	m84091_241209_213135_s3/128255732/ccs,m84091_241205_180120_s2/239670621/ccs,m84091_241205_180120_s2/10751997/ccs,m84091_241209_233055_s4/42341465/ccs,m84091_241209_233055_s4/30543886/ccs
chr8q	494600	t2t-i002c-pat	22	3696	1749,1873,2626,2963,3319,4073,5147	25873,14701,14259,16850,27452,11733,21882	0,0,1,1,0,0,0	1284	LLLLLLCCCCCCCCCCCCCCCCCCCCCCCCLLLLLLLLLLLLLLLLLLLLLLLLLLLLLLLLLLLLCCCCCCCCCCCCCCCCCCCCCCCCCCCCCCVVVVVVVVVVVVVVVVVVVVVVVVVVVCCCCCCCCCCCCCCCCCCCCCCCCCCCCCCCCCCCCVVVVVVVCCCCCCCCCCCCCCCCCCVVVVVVVCCCCCCCCCCCCVVVVVVVVVVVVVVVVVVVVVVVVVVVCCCCCCCCCCCCCCCCCCCCCCCCVVVVVVVDDDDDDDDDDDDDDDDDDDDDDDDDDDDDDDDDDDDDDDDDDDDDDDDDDDDDDDDDDDDDDDDDDDDDDDFFFFFFFFFFFFFFFFFFFFFFFFFFFFFFFFFFFFFFFFFFFFFFFFFFFFFFFFFFFFCCCCCCCCCCCCFFFFFFFFFFFFCCCCCCFFFFFFCCCCCVVVVVVVFFFFFFFFFFFFCCCCCCFFFFFFFFFFFFCCCCCCFFFFFFFFFFFFFFFFFFCCCCCCFFFFFFFFFFFFCCCCCCFFFFFFFFFFFFCCCCCCCCCCCCFFFFFFFFFFFFCCCCCCCCCCCCFFFFFFCCCCCCCCCCCCFFFFFFCCCCCCCCCCCCFFFFFFFFFFFFCCCCCCFFFFFFFFFFFFCCCCCCFFFFFFFFFFFFCCCCCCFFFFFFFFFFFFCCCCCCFFFFFFFFFFFFCCCCCCFFFFFFFFFFFFFFFFFFCCCCCCFFFFFFFFFFFFCCCCCCFFFFFFFFFFFFCCCCCCCCCCCCFFFFFFFFFFFFCCCCCCFFFFFFFFFFFFCCCCCCFFFFFFFFFFFFCCCCCCFFFFFFFFFFFFCCCCCCFFFFFFFFFFFFFFFFFFFFFFFFFFFFFFFFFFFFFFFFFFFFFFFFCCCCCCCCCCCCFFFFFFCCCCCCCCCCCCCCCCCCCCCCCCCCCCCCCCCCCCCCCCCCCCCCCCFFFFFFFFFFFFFFFFFFFFFFFFFFFFFFFFFFFFFFFFFFFFFFFFFFFFFFFFFFFFFFFFFFFFFFFFFFFFFFFFFFFCCCCCFFFFFFFCCCCCCCCCCCCFFFFFFCCCCCCCCCCCCCCCCCCFFFFFFCCCCCCCCCCCCFFFFFFCCCCCCCCCCCCCFFFFFFCCCCCFFFFFFFCCCCCCCCCCCCFFFFFFCCCCCCCCCCCCFFFFFFFCCCCCCCCCCCFFFFFFCCCCCCCCCCCCFFFFFFCCCCCCCCCCCCFFFFFFCCCCCCCCCCCFFFFFFFCCCCCCCCCCCFFFFFFFCCCCCCCCCCCCCCCCCCCCCCCCFFFF	m84091_241205_180120_s2/94961784/ccs,m84091_241209_233055_s4/77922770/ccs,m84091_241205_180120_s2/8457271/ccs,m84091_241209_233055_s4/195433417/ccs,m84091_241205_180120_s2/102959523/ccs,m84091_241205_180120_s2/76614710/ccs,m84091_241209_233055_s4/166661690/ccs
chr8q	497358	t2t-chm13	31	2661	766,1127,1928,1958,2255,2424,3374,3483	24487,14710,26664,18085,15337,15109,19113,25691	1,1,0,1,0,0,1,1	646	CCCAAAAAACCCAAAACCCAACCCCCCCCCCCDDDDDDDDDDDDDDDDDDDDDDDDDDDDDDVVVVVVVDDDDDDDDDDDDDDDDDDDDDDDDDDDDDDFFFFFFDDDDDDDDDDDDTTTTTTTDDDDDDDDDDDDDDDDDDDDDDDDDDDDDDDDDDDDDDDDDDDDDDDDFFFFFFDDDDDDDDDDDDDDDDDDDDDDDDFFFFFFDDDDDDDDDDDDDDDDDDDDDDDDDDDDDDFFFFFFDDDDDDDDDDDDFFFFFFFFFFFFDDDDDDDDDDDDFFFFFFFFFFFFFFFFFFFFFFFFFFFFFFDDDDDDFFFFFFFFFFFFDDDDDDDDDDDDFFFFFFDDDDDDDDDDDDDDDDDDDDDDDDFFFFFFDDDDDDFFFFFFDDDDDDFFFFFFDDDDDDDDDDDDDDDDDDFFFFFFDDDDDDFFFFFFFFFFFFDDDDDDDDDDDDFFFFFFDDDDDDDDDDDDDDDDDDFFFFFFDDDDDDDDDDDDDDDDDDFFFFFFDDDDDDDDDDDDDDDDDDDDDDDDFFFFFFDDDDDDDDDDDDDDDDDDFFFFFFDDDDDDDDDDDDDDDDDDDDDDDDDDDDDDDDDDDDDDDDDDDDDDDDDDDDDDDDDDDDDDDDDDDDDDDDDDDDDDDDDDDD	m84091_241205_180120_s2/170202162/ccs,m84091_241209_233055_s4/165287036/ccs,m84091_241205_180120_s2/131928666/ccs,m84091_241209_233055_s4/263848587/ccs,m84091_241209_233055_s4/230757344/ccs,m84091_241209_233055_s4/9703717/ccs,m84091_241205_180120_s2/230299362/ccs,m84091_241205_180120_s2/171839405/ccs
chr9p	3692	t2t-chm13	24	4147	577,599,1255,3281,4436,6446	12081,12248,30249,22595,16809,27006	1,1,1,1,1,1	1350	SSSSSSFFFFFFFFFFFFFFFFFFIIIIIIIIIIIIIIIIIIHHHHHHHHHHHHHHHHHHHHHHHHCCCCCCNNNNNNNNNNNNNNNNNNNNNNNNNNNNNNCCCCCCNNNNNNNNNNNNNNNNNNNNNNNNCCCCCCCCCCCCCCCCCCCCCCCCCCCCCCCCCCCCCCCCVVVVVVVVVVVVVVVVVVVVVVVVVVVVSSSSSSAVVVVVVVVVVVVVVCCCCCCCCCCCCCCCCCCVVVVVVVCCCCCCCCCCCCCCCCCCCCCCCCCCCCCCCCCCCTTTTTTTTTTTTTTVVVVVVVVVVVVVVVVVVVVVCCCCCCCCCCCCCCCCCCCCCCCCCCCCCCCCCCCCCCCCCCCCCCCCCCCCCTTTTTTTCCCCCCCCCCCCCCCCCCCCCCCCCCCCCCCCCCCCCCCCCHHHHHHHHHHHHHHHHHHHHHHHHHHHHHHVVVVVVVCCCCCCCCCCCCCCCCCCCCCCCCNNNNNNCCCCCCCCCCCCCCCCCCCCCCCCCCCCCCCCCCCVVVVVVVVVVVVVVVVVVVVCCCCCCCCCCCCCCCCCCCCCCCCCCCCCCNNNNNNPPPPPPPANNNNNNNNNNNNNNNNNNNNNNNNNNNNNNNNNNNNCCCCCCCCCCCCCCCCCCCCCCCCCCCCCCCCCCCVVVVVVVVVVVVVVCCCCCCCCCCCCCCCCCCCCCCCCCCCCCCCCCCCCCCCCCCCCCCCCCCCCCCCCCCCVVVVVVVHHHHHHHHHHHHHHHHHHVVVVVVVVVVVVVVVVVVVVVVVVVVVVVVVVVVVVVVVVVVVVVVVVVVVVVCCCCCCCCCCCCCCCCCCCCCCCCCCCCCCCCCCCCVVVVVVVCCCCCCCCCCCCCCCCCVVVVVVVVVVVVVCCCCCCCCCCCCCCCCCVVVVVVVVVVVVVCCCCCCCCCCCVVVVVVVVVVVVVVVVVVVCCCCCCCCCCCTTTTTTCCCCCCVVVVVVVVVVVVVVVVVVVVVCCCCCCCCCCCCCCCCCCVVVVVVVCCCCCCCCCCCCCCCCCCCCCCCCCCCCCCCCCCCCCCCCCCVVVVVVVVVVVVVVVVVVVVVCCCCCCCCCCCCHHHHHHHHHHHHHHHHHHHHHHHHHHHHHHHHHHHHVVVVVVVHHHHHHHHHHHHHHHHHHHHHHHHHHHHHHCCCCCVVVVVVVCCCCCCCCCCCCCCCCCCCCCCCCCCCCCCAACCCCCCCCCCCCAACCCCCCVVVVVVVVCCCCCCVVVVVVVVCCCCCCVVVVVVVVCCCCCCCCCCCCCCCCCCCCCCCCNNNNNNCCCCCCNNNNNNNNNNNNNNNNNNCCCCCCNNNNNNNNNNNNNNNNNNNNNNNNNNNNNNNNNNN	m84091_241209_213135_s3/202508042/ccs,m84091_241205_180120_s2/184945835/ccs,m84091_241209_233055_s4/173936573/ccs,m84091_241209_233055_s4/11736496/ccs,m84091_241209_233055_s4/168824359/ccs,m84091_241209_233055_s4/108200984/ccs
chr9q	497808	t2t-hg002-pat	34	3183	383,412,754,776,1254,1752,2441,2879,3170,3224,3388,5450	13707,29387,21188,21049,16697,28925,10474,14795,21495,17550,14189,21943	56,54,47,56,51,51,48,48,46,53,54,50	483	FFFFFFAAAAAKKKKKKCCCCCCCCCCCCCCCCCCCCCCCCCCCCCCVVVVVVVCCCCCCHHHHHHHHHHHHHHHHHHHHHHHHHHHHHHCCCCCCCCCCCCCCCCCCCCCCCCCCCCCVVVVVVVVCCCCCCCCCCCCCCCCCCCCCCCCCCCCCCCCCCCCCCCCCCCCCCCCCCCCCVVVVVVVVVVVVVVCCCCCCCCCCCCVVVVVVVVVVVVVVVVVVVVVCCCCCCCCCCCCCCCCCCVVVVVVVVVVVVVVVVVVVVVVVVVVVVVVVVVVTTTTTTTCCCCCCCCCCCCCCCCCCCCCCCCCCCCCCCCCCCCCCCCCVVVVVVVNNNNNNNNNNNNNNNNNNNNNNNNNNNNNNNNNNNNPPPPPPPCCCCCCCCCCCCCCCCCCCCCCCCCCCCCCCCCCCCCCCCVVVVVVVCCCCCCHHHHHHHHHHHHRRRRRRRRRRRRRRRRRRRRRRRRRRRRRRRRRRRRRRRRR	m84091_241209_233055_s4/231804963/ccs,m84091_241209_213135_s3/132253880/ccs,m84091_241209_213135_s3/96600597/ccs,m84091_241209_233055_s4/267391998/ccs,m84091_241209_213135_s3/19665456/ccs,m84091_241209_233055_s4/140908030/ccs,m84091_241205_180120_s2/209522138/ccs,m84091_241209_213135_s3/223674456/ccs,m84091_241209_213135_s3/33494369/ccs,m84091_241209_213135_s3/141563634/ccs,m84091_241209_233055_s4/51316609/ccs,m84091_241205_180120_s2/137105654/ccs
chr9q	493500	t2t-cn1-pat	30	2704	-930,-13,942,980,2680,2729,2831	10487,24036,19047,19462,28292,23928,23938	1,1,0,1,1,1,1	1781	CCCCCCCCCCCCCCCCCCCCCCCCCVVVVVVVVVVVVVVVVVVVVVCCCCCCCCCCCCFFFFFFFFFFFFFFFFFFFFFFFFAVVVVVVVVVVVVVVVVVVVVVVVVVVVVVVVVVVVVVVVVVVCCCCCCDDDDDDDDDDDDDDDDDDDDDDDDDDDDDDAVVVVVVVCCCCCCDDDDDDDDDDDDDDDDDDDDDDDDDDDDDDDDDDDDVVVVVVVDDDDDDDDDDDDDDDDDDDDDDDDDDDDDDAAAAAAAAAPPPPPAAPPPPPAPPPPPPPCCCCCCCCCCCCCCCCCCCCCCCCCCCCCCCCCCCCVVVVVVVVVVVVVVVVVVVVVVVVVVVCCCCCCDDDDDDDDDDDDDDDDDDDDDDDDDDDDDDDDDDDDDDDDDDACCCCCDDDDDDACCCCCCCCCCCCCCCCCVVVVVVVVVVVVVVVVVVVVVVVVVVVVVVVVVVVVVCCCCCCCCCCCVVVVVVVVVVVVVVVVVVVVVVVVVVVVVVVVVVVVVVVVVVVCCCCCCCCCCCCCCCCCCCCCCCCCCCCCCCCCCHHHHHHHHHHHHHHHHHHHHHHHHHHHHHHFFFFFFFFFFFFFFFFFFFFFFFFCCCCCCCCCCCCCCCCCCCCCCCCCCCCCCVVVVVVVNNNNNNNNNNNNNNNNNNNNNNNNCCCCCCCCCCCCVVVVVVVVVVVVVVCCCCCCCCCCCCCCCCCCCCCCCCCCCCCCCCCCCCVVVVVVVCCCCCCCCCCCCCCCCCCCCCCCCCCCCCCCCCCCCCCCCCCCCCCCCCCCCCCCCCCCVVVVVVVCCCCCCCCCCCCCCCCCCCCCCCCVVVVVVVVCCCCCCVVVVVVVVCCCCCCVVVVVVVVCCCCCCCCCCCCCCCCCCCCCCCCCCCCCCCCCCCCLLLLLLLLLLLLLLLLLLKKKKKKKKKKKKKKKKKKKKKKKKKKKKKKKKKKKKQQQQQQHHHHHHHHHHHHHHHHHHCCCCCCCCCCCCCCCCCCCCCCCCCCCCCCCCCCCCCCCCCCCCCCCCCCCCCCVVVVVVVCCCCCCCCCCCCCCCCCCCCCCCCCCCCCCCCCCCCCCCCCCVVVVVVVCCCCCCHHHHHHHHHHHHHHHHHHHHHHHHHHHHHHHHHHHHHHHHHHHHHHHHCCCCCCCCCCCCCCCCCCCCCCCCCCCCCCCCCCCCCCCCCCCCCCCCCCCCCCCCCCCCCCCCCCCCCCCCCCCCCCCCCCCCCCCCCVVVVVVVCCCCCCCCCCCCCCCCCCCCCCCCCCCCCCCCCCCCCCCCCCCCCCCCVVVVVVVCCCCCCHHHHHHHHHHHHHHHHHHHHHHHHHHHHHHHHHHHHVVVVVVVHHHHHHHHHHHHHHHHHHHHHHHHHHHHHHHHHHHHHHHHHHHHHHHHHHHHHHHHHHHHHHHHHHCCCCCCCCCCCCNNNNNNNNNNNNNNNNNNNNNNNNNNNNNNNNNNNNNNNNNNNNNNNNNNNNNNCCCCCCNNNNNNNNNNNNNNNNNNNNNNNNNNNNNNNNNNNNCCCCCCCCCCCCCCCCCCNNNNNNNNNNNNNNNNNNNNNNNNNNNNNNPPPPPPPPPPPPPPCCCCCCCCCCCCCCCCCCCCCCCCCCCCCCCCCCCCCCCCCCCCCCCCCCCCCCCCCCCCCCCCCCCCCCCCCCCCCCCCCCCCCCCCCCCCCCCCCCCCCCCCCCCCVVVVVVVVVVVVVVCCCCCCCCCCCCCCCCCCCCCCCCVVVVVVVCCCCCCCCCCCCCCCCCCCCCCCCCCCCCCCCCCCCCCCCCCCCCCCCVVVVVVVVVVVVV	m84091_241209_233055_s4/73074098/ccs,m84091_241209_213135_s3/35522052/ccs,m84091_241209_233055_s4/206114383/ccs,m84091_241209_213135_s3/248777967/ccs,m84091_241209_233055_s4/30938020/ccs,m84091_241209_233055_s4/38606496/ccs,m84091_241205_180120_s2/156633938/ccs
chr9q	303509	t2t-hg002-pat	6i	24	24,24,24,24	8200,14472,23145,24888	0,9,10,0	162	CCCCCCCCCCCCCCCCCCHHHHHHHHHHHHHHHHHHCCCCCACCCCCCACCCCCCACCCCCCLLLLLLLLLLLLLLLLLLAAAAAACCCCCCCCCCCCCCCCCCCCCCCCCCCCCCCCCCCCCCCVVVVVVVVVVVVVVCCCCCCCCCCCCNNNNNNCCCCC	m84091_241209_233055_s4/100013476/ccs,m84091_241209_213135_s3/57873987/ccs,m84091_241205_180120_s2/152834042/ccs,m84091_241209_233055_s4/187111120/ccs
chr10p	3572	t2t-hg002-pat	13	4140	2560,2770,3413,3667,4298,5257	29168,16917,23219,22087,12588,13798	0,1,0,0,0,0	721	CCCCCCCCCCCCCCCCCCAAACCCSSSSSSASSSSSSAPPPPPPVVVVVVVCCCCCCNNNNNNNNNNNNNNNNNNNNNNNNNNNNNNNNNNNNNNNNNNCCCCCCCCCCCCCCCCCSSSSSSHHHHHHHHHHHHHHHHHHHHHHHHHHHHHHCCCCCCCCCCCCCCCCCCCCCCCCCCCCCCDDDDDDDDDDDDDDDDDDDDDDDDALLLLLLDDDDDDDDDDDDDDDDDDDDDDDDDDDDDDEEEEEECCCCCCSSSSSSSSSSSSCCCCCCCCCCCCCCCCCCCCCCCCCCCCCCCCCCCCVVVVVVVCCCCCCCCCCCCCCCCCCCCCCCCDDDDDDCCCCCCDDDDDDVVVVVVVVVVVVVVCCCCCCDDDDDDCCCCCCDDDDDDDDDDDDDDDDDDDDDDDDDDDDDDDDDDDDAACCCCDDDDDDDDDDDDDDDDDDDDDDDDDDDDDDDDDDDDDDDDDDDDDDDDDDDDDDACCCCCCDDDDDDDDDDDDACCCCCCCCCCCCCCCCCCCCCCCCCCCCCCCCCCCCCCCCCCCCCCCCCCCCCCCCCCCCCCCCCCCCCCCCCCCCCCCCCCCCCCCCCDDDDDDCCCCCCCCCCCCCCCCCCCCCCCCCCCCCDDDDDDDDDDDDDDDDDDDDDDDDDDDDDDDDDDDDTTTTTTTDDDDDDDDDDDDDDDDDDDDDDDDDDDDDDDDDDDDDDDDDDDDDDDDDDDDDD	m84091_241209_233055_s4/186320491/ccs,m84091_241209_233055_s4/170922613/ccs,m84091_241205_180120_s2/73078649/ccs,m84091_241205_180120_s2/56295981/ccs,m84091_241205_180120_s2/235998403/ccs,m84091_241209_233055_s4/124191033/ccs
chr10p	8469	t2t-ksa001-mat	2	3790	797,2510,3439,4844	31587,36989,16077,14496	1,1,1,1	933	FFFFFFCCCCCCCCCCCCNNNNNNCCCCCCNNNNNNCCCCCCNNNNNNCCCCCCNNNNNNCCCCCCNNNNNNCCCCCCCCCCCCNNNNNNNNNNNNNNNNNNNNNNNNNNNNNNNNNNNNCCCCCHHHHHHHHHHHHHHHHHHCCCCCCVVVVVVVCCCCCCHHHHHHHHHHHHHHHHHHHHHHHHHHHHHHHHHHHHVVVVVVVVVVVVVVCCCCCCCCCCCCCCCCCCCCCCCCCCCCCCCCCCCCCCCCCCCCCCCLLLLLLLLLLLLLLLLLLLLLLLLLLLLLLLLLLLLCCCCCCCCCCCHHHHHHHHHHHHHHHHHHHHHHHHHHHHHHHHHHHHCCCCCCCCCCCCCCCCCTTTTTTTTTTTTTTCCCCCCVVVVVVVCCCCCCCCCCCCCCCCCCCCCCCCCCCCCCCCCCCCCCCCCCCCCCCCCCCCCCCCCCCCCCCCCCCCCCCCTTTTTTTTTTTTTTTTTTTTCCCCCCCCCCCCCCCCCCCCCCCCSSSSSSSSSSSSSSSSSSSSSSSSSSSSSSSSSSSSSSSSCCCCCCCCCCCCCCCCCCCCCCCCCCCCCCCCCCCCNNNNNNVVVVVVVNNNNNNCCCCCCNNNNNNCCCCCCCCCCCCNNNNNNPPPPPPPPPPPPPPPPPPPPPPPPPPPPPPPPPPPNNNNNNNNNNNNNNNNNNAAAAACCCCCCNNNNNNCCCCCCCCCCCCCCCCCCVVVVVVVVVVVVVVVVVVVVVCCCCCCCCCCCCCCCCCCCCCCCCAACCCCCCCCCCCCSSSSSSSSCCCCCCCCCCCCCCCCCCCCCCCCCCCCCCCCCCCCCCCCCCVVVVVVVVCCCCCCAACCCCCCCCCCCCAACCCCCCCCCCCCCCCCCCCCCCCCCCCCCCCCCCCCCCCCCCVVVVVVVVVVVVVVVVVVVVVVVVVVVVVVVVVVVVV	m84091_241205_180120_s2/98373319/ccs,m84091_241209_233055_s4/49810685/ccs,m84091_241205_180120_s2/216077755/ccs,m84091_241209_233055_s4/127731790/ccs
chr10q	498110	t2t-hg002-mat	27	5837	357,613,5734,6148	31973,23926,17390,16683	6,2,4,1	518	CCCCCCCCCCCCCSSSSSSNNNNNNSSSSSSSSSSSSNNNNNNNNNNNNNNNNNNPPPPPPNNNNNNVVVVVVVCCCCCCCCCCCCCCCCCCCCCCCCCCCCCCCCCCCCCCCCCCCCCCCCCCCCCVVVVVVVDDDDDDDDDDDDDDDDDDDDDDDDDDDDDDFFFFFFFFFFFFFFFFFFFFFFFFDDDDDDFFFFFFFFFFFFCCCCCCFFFFFFCCCCCCFFFFFFCCCCCCFFFFFFFFFFFFFFFFFFFFFFFFFFFFFFFFFFFFCCCCCCCCCCCCFFFFFFFFFFFFCCCCCCFFFFFFCCCCCCFFFFFFFFFFFFFFFFFFCCCCCCCCCCCCFFFFFFCCCCCCCCCCCCCCCCCCCCCCCCCCCCCCCCCCCCCCCCCCCCCCCCCCCCCVVVVVVVCCCCCCHHHHHHHHHHHHHHHHHHHHHHHHHHHHHHHHCCCCCCCCCCCCCCCCVVVVVVVCCCCCCCCCCCCCCCCCCLLLLLLLLLLLLCCCCCCLLLLLLLLLLL	m84091_241209_213135_s3/85460467/ccs,m84091_241205_180120_s2/106959958/ccs,m84091_241209_233055_s4/263062347/ccs,m84091_241205_180120_s2/102762473/ccs
chr10q	497986	t2t-yao-mat	26	4770	420,1001,4458,5706	27795,35000,14311,17193	1,1,1,1	1799	CCCCCCCCCCCCCSSSSSSNNNNNNSSSSSSSSSSSSNNNNNNSSSSSSNNNNNNPPPPPPNNNNNNVVVVVVVNNNNNNCCCCCCCCCCCCCCCCCCCCCCCCVVVVVVVVVVVVVVVCCCCCCVVVVVVVVVVVVVVVVVVVCCCCCCCCCCCCCCCCCCVVVVVVVVVVVVVVVVVVVVVVVVVVVVVVVVVVVVVVVVVVVVVVVCCCCCCCCCCCACCCCCCCCCCCCCCCCCCVVVVVVVCCCCCCCCCCCCCCCCCCVVVVVVVCCCCCCCCCCCCVVVVVVVCCCCCCCCCCCCCCCCCCCCCCCCCCCCCCCCCCCCCCCCCCCCCCCCCCCCCCCCCCCCVVVVVVVVVVVVVVVVVVVVVVVVVVVVVVVVVVVVVVVVVVVVVVVVCCCCCCCCCCCCCCCCCCCCCCCCVVVVVVVVCCCCCCCCCCCCCCCCCCCCCCCCCCCCCCCCCCCCCCCCCCCCCCCHHHHHHHHHHHHHHHHHHHHHHHHHHHHHHHHHHHHCCCCCCVVVVVVCCCCCCCHHHHHHHHHHHHHHHHHHHHHHHCCCCCCCCCCCCCCCCCCCCCCCCCCCCCCCCCCCCCCCCCCCCCCCCCCCCCFFFFFFFFFFFFFFFFFFWWWWWWWWWWACCCCCCCCCCCCCCCCCCCCCCCCTTTTTTTTTTTTTTCCCCCCCCCCCCCCCCCCCCCCCCCCCCCCCCCCCCCCCCCCCCCCCVVVVVVVCCCCCCCCCCCCCCCCCCCCCCCCCCCCCCCCCCCCCCCCCCCCCCCCCCCCCCCVVVVVVVVVVVVVVVVVVVVVVVVVVVCCCCCCCCCCCCCCCCCCCCCCCCCCCCCCCCCCCCCCCCCCCCCCCCCCCCCCCCCCCCCCCCCCCCCCCCCCCCCCCCCCCCCCCCCCCCCCCCCCCCCCCCCCCCCCCCCCCCCCCCCCCCCCCCCCCCCCCCCCCCCCCCCCCCCCCCCCCCCCCCCCCCCCCCCCCCCCCCCCCCCCCCCCCCCCWWWWWWCCCCCCCCCCCCCCCCCCCCCCCCCCCCCCCCCCCCCCCCCCCVVVVVVVVVVCCCCCCCCCCCCCCCCCCCCCCCCCCCCCCCCCCCCCCCCCCCCCCVVVVVVVCCCCCCCCCCCCCCCCCCCCCCCCCCCCCCCCCCWWWWWWWWWWCCCCCCCCCCCCCCCCCCCCCCCCCCCCCCCCCCCCCCCCCCCCCCCCCCCCCCCCCCCCCCCCCCCCCCCCCCCCCCCCCCCCCCCCCCCCCCCCCCCCCCCCCCCCCCCCCCCCCCCCCCCCCCCCCCCCCCCCCCCCCCCCCCCCCCCCCCCCCCCCCCCCCCCCCCCCCCCCCCCCCCCWWWWWWWVVVCCCCCCYYYYCCCCCCCCCCCCCCCCCCCCCCCCCCCCCCCCCCCCCCCCCCCCCCCCCCCCCCCCCCCCCCCCCCCCCCCCCCCCCCCCVVVVVVVVVVVVVVCCCCCCCCCCCCCCCCCCCCCCCCCCCCCCCCCCCCCCCCCCCCCCCCCCCCCCCCCCCCCCCCCCCCCCHHHHHHHHHCCCRRRRRRRRRRRRRRRRRRRRRRRRRRRRRRRRRRRRRRRRRRRRRRRRRRRRRRRRRRRRRRRRCCCCCCCRRRRRRRRRRRRRRRRRRRRRRRRRRRRRRRRRRRRRRRRRRRRRRRRRRRRRRRRRCRRRRRRRRRRRRRRRRRRRRMCCCRCCLLLLLLLLLLLLRRRRRRLLMMMMLLLLLLLLLLLLLLLLLLLLLLLLLLLLLLLLLLLLLLLLLLLLLLLLLLLLLLLLLLLLLLLLLLLLLLLLLLLLLLLLLLL	m84091_241209_233055_s4/133042667/ccs,m84091_241209_213135_s3/188028632/ccs,m84091_241209_213135_s3/96600532/ccs,m84091_241209_233055_s4/214172328/ccs
chr11p	2879	t2t-hg002-mat	20	3322	464,2891,3145,3853	27308,25728,14702,24628	1,1,1,1	502	FFFFFFAAAAAKKKKKKCCCCCCCCCCCCCCCCCCVVVVVVVVVVVVVVCCCCCCCCCCCCCCCCCCCCCCCCCCCCCCCCCCCCCCCCCCCCCCCCCCCCCCCCCCCCCCCCCCCCCCCVVVVVVVVVVVVVCCCCCCTTTTTTTTTTTTTTCCCCCCCCCCCCCCCCCCCCCCCCCCCCCCVVVVVVVCCCCCCCCCCCCVVVVVVVVVVVVVVCCCCCCCCCCCCCCCCCCCCCCCCCCCCCCFFFFFFFFFFFFFFFFFFFFFFFFFFFFFFSSSSSSSSCCCCCCFFFFFFFFFFFFFFFFFFFFFFFFFFFFFFFFFFFFFFFFFFFFFFFFVVVVVVVCCCCCCCCCCCCCCCCCCCCCCCCVVVVVVVCCCCCCCCCCCCCCCCCCCCCCCCCCCCCCVVVVVVVVCCCCCCFFFFFFFFFFFFFFFFFFFFFFFFFFFFFFFFFFFFFFFFFFFFFFFFFFFFFFFFFFFFFFFFFFFFFFFFFFFFFFFFFF	m84091_241209_213135_s3/186914596/ccs,m84091_241209_213135_s3/100992870/ccs,m84091_241209_213135_s3/53482173/ccs,m84091_241209_233055_s4/207229566/ccs
chr11p	203710	t2t-hg002-pat	39i	2288	-76,713,1579,1917,1960,1962,3266,3280	18142,17090,20595,23245,30039,18228,13405,28850	2,1,0,2,2,1,1,2	1090	CCCCCCCCCCCCCCCCCCHHHHHHHHHHHHCCCCCACCCCCCACCCCCCACCCCCCLLLLLLLLLLLLAAAAAACCCCCCCCCCCCCCCCCCCCCCCCCCCCCCCCCCCCCCCVVVVVVVVVVVVVVCCCCCCNNNNNNNNNNNNAAACCCCCCCCCNNNNNNNNNNNNNNNNNNVVVVVVVSSSSSSAAAACCCNNNNNNCCCCCCSSSSSSCCCCCCAAACCCCCCCCAAAAAAACCCCCCVVVVVVVIIIIIIIIIIIICCCCCCAVVVVVVVSSSSSSVVVVVVVFFFFFFFFFFFFGGGGGAAAAAAATTTTTTTCCCCCCAAAACCCCCCCCCCCCCCCCCCCCCTTTTTTTTTTTTTTDDDDDDVVVVVVVCCCCCCEEEEEEECCCCCCEEEEEEECCCCCCVVVVVVVAAAAAAAVVVVVVVCCCCCCAAAACCCCCCCCCFFFFFFAFFFFFFAFFFFFFFFFFFFCCCCCCSSSSSSVVVVVVVVAAACCCNNNNNNTTTTTTTCCCCCCVVVVVVVVVVVVVVTTTTTTTCCCCCCCCCCCCCCCCCCDDDDDDTTTTTTTTTTTTAAAAAACCCCCCCCCCCACCCCCCTTTTTTCCCCCCCCCCCCVVVVVVVVCCCCCCVVVVVVVVCCCCCCVVVVVVVVCCCCCAVVVVVVVCCCCCCCCCCCCCCCCCCCCCCCCCCCCCCHHHHHHHHHHHHHHHHHHHHHHHHHHHHHHCCCCCCCCCCCCCCCCCCCCCCCCCCCCCCCCCCCCCCCCCCCCCCCCCCCCCCCCCCCCCCCCCCCCCCCCCCCCCCCCCCCCCCCCCCCCCCCCCCCCCSDDDDDDCCCCCCCCCCCCSDDDDDDNNNNNNNNNNNNNNNNNNNNNNNNNNNNNNNNNNNNNNNNNNCCCCCCNNNNNNCCCCCCNNNNNNCCCCCCNNNNNNCCCCCCCCCCCCCCCCCCCCCCCCCCCCCCCCCCCCCCCCCCCCCCCCCCCCCCCCCCCCCCCCCCCCCCCCCCCCCCCCCCCCCCCCCCCCCCCCCCCCCCCCCCCCCCCCCCCNNNNNNNNNNNNNNNNNNNNNNNNCCCCCCNNNNNNNNNNN	m84091_241209_233055_s4/230165019/ccs,m84091_241205_180120_s2/67437330/ccs,m84091_241205_180120_s2/210700309/ccs,m84091_241209_233055_s4/20580547/ccs,m84091_241209_213135_s3/50599677/ccs,m84091_241209_213135_s3/96670668/ccs,m84091_241209_213135_s3/73208902/ccs,m84091_241209_233055_s4/52696485/ccs
chr11q	497134	t2t-hg002-mat	10	2203	-1025,-638,341,2203,4169	14726,25783,6898,16564,15196	13,8,16,17,9	1881	DDDDDDAAAAAAAAAAACCCCCCCCCCCCFFFFFFDDDDDDDDDDDDDDDDDDDDDDDDFFFFFFDDDDDDFFFFFFFFFFFFFFFFFFFFFFFFFFFFFFFFFFFFFFFFFFVVVVVVVVVVVVVVCCCCCCCCCCCCCCCCCCCCCCCCCCCCCCCCCCCVVVVVVVVVVVVVVVVVVVVVVVVVVVVVVVVVVVVVVVVVVVVVVVCCCCCHHHHHHHHHHHHHHHHHHCCCCCCCCCCCCHHHHHHHHHHHHHHHHHHHHHHHHHHHHHHCVVVVVVVVCCCCCCCCCCCCCCCCCCCCCCCCCCCCCCCCCCCCCCCCCCCCCCCCCCCCCCCCCCVVVVVVVVCCCCCCCCCCCCCCCCCCCCCCCCTTTTTTTCCCCCCCCCCCCCCCCCCCCCCCCCCCCCCVVVVVVVVVVVVVCCCCCCCCCCCCCCCCCCCCCCCCCCCCCCCCCCCVVVVVVVVVVVVVVVVVVVVVVVVVVVVVVVVVVCCCCCCHHHHHHHHHHHHHHHHHHVVVVVVVCCCCCCCCCCCCCCCCCCCCCCCCCCCCVVVVVVVCCCCCCCCCCCCCCCCCCCCCCCCCCCCCCCCCCCCCCCCCCCCCCCCCCCCCCCCCCCCCVVVVVVVVVVVVVCCCCCCCCCCCCCCCCCCCCCCCCCCCCCCCCCCCCCCCCCCCCCCCCCCCCCCCCCCCCCCCCCCCCVVVVVVVCCCCCCCCCCCCCCCCCCCCCCCCCCCCCCCCCCCCCCCCCCCCCCCCCCCCCCCCCCCCCCCCCCCCCCCCCCCCCCCCCCCCCCCCCCCCCCCCCCCCCCCCCCCCCCCCVVVVVVVVVVVVVVVVVVVVVCCCCCCCCCCCCCCCCCCCCCCCCCCCCCCCCCCCCCCCCCCCCCCCCCCCCCCCCCCCCCCCCCCCCCCCCCCCCVVVVVVVVVVVVCCCCCCCCCCCCCCCCCCCCCCCCCCCCCCCCCCCCCCCCCCCVVVVVVVVVVVVVCCCCCCCCCCCCCCCCCCCCCCCCCCCCCCVVVVVVVVVVVVVVVVVVVVVCCCCCCCCCCCCCCCCCCCCCCCCCCCCCCCCCCCCCCCCCCCCCCCCCCCCCCCCCCCCVVVVVVVVVVWWWWCCCCCCCCCCCCCCCCCCCCCCCCCCCCCCCCCCCCCCCCCCCCCCCCCCCCCCCCCCCCCCCCCVVVVVVVVVVVVVVCCCCCCCCCCCCVVCCCCCCCCCCVVCCVVVVVVVVVVVVVVVVVVVVVVVVVCCCCCCCCCCCCCCCCCCCCCCCCCCCCCCCCCCCCCCCCCCVVVVVVVCCCCCCCCCCCCCCCCCCCCCCCCCCCCCCCCCCCCCCCCCCCCCCCCCCCCCCCSCCCCCCSCCCSSSSSSSSCCCCCCCCCCCCCCCCCCCCCCCCCCCCCCCCCCCCCCCCCCCCCCCCCCCCCCCCCCCCCCCCCCCCCCCCCCCCCCCCCCCCCCCCCCCCCCCCCCCCCCCCCCCCCCCCCCCCCCCCCCCCCCCCCCCCCCCCHHHHHHHHHHHHHHHHHHHHHVVVVVVVVVVVVVVCCCCCCCCCCCCCCCCCCCCCCCCCCCCCCVVVVVVVVVVVVVVVVVVVVVVVVVVVVVVVVVVVVVVVVVVCCCCCCCCCCCCCCCCCCCCCCCCVVVVVVVVVVVVVVVVVVVVCCCCCCCCCCCCCCCCCCCCCCCCCCCCCCCCCCCCCCCCVVVVVVVVVVCCCCCCCCCCCCCCCCCCCCCCCCCCCCCCCCCCCCCCCCCCCVVVVVVVVVVVVVVVVVVVVVVVVVVVVCCVVVVVCCCCCCCCCCCCCCCCCCCCCCCCCCCCCCCCCCCCCCCCCCCCCCCCCCCCCCCCCCCCHHHHHHHHHHHHHHHHHHHHHHHHHHHHHHHHHHHHHHHHHH	m84091_241209_233055_s4/79759142/ccs,m84091_241205_180120_s2/153620347/ccs,m84091_241209_233055_s4/159188302/ccs,m84091_241209_213135_s3/45091321/ccs,m84091_241209_233055_s4/82379901/ccs
chr12q	497860	t2t-hg002-mat	29	3397	462,992,2229,2840,2943,3852,4256	20690,10613,13269,28802,38969,20945,22786	2,0,3,0,1,3,2	629	CCCCCCCCCCCCDDDDDDAAAAAAPPPPPPPPPPPPPPPPPPPPPPPPAPPPPPPDDDDDDFFFFFFCCCCCCCCCCCCKKKKKKCCCCCCCCCCCCKKKKKKCCCCCCCCCCCCKKKKKKCCCCCCFFFFFFFFFFFFCCCCCCFFFFFFFFFFFFCCCCCCFFFFFFFFFFFFCCCCCCFFFFFFCCCCCCCCCCCCFFFFFFSSSSSSCCCCCCFFFFFFFFFFFFCCCCCCCCCCCCCCCCCCCCCCCCCCCCCCCCCCCCCCCCCCCCCCCCCCCCCCVVVVVVVFFFFFFCCCCCCCCCCCCVVVVVVVNNNNNNNCCCCCCCCCCCCCCCCCCCCCCCCVVVVVVVCCCCCCCCCCCCCCCCCCCCCCCCCCCCCCCCCCCCCCCCCCCCCCCVVVVVVVCCCCCCCCCCCCCCCCCCCCCCCCCCCCCCNNNNNNNNNNNNNNNNNNNNNNNNNNNNNNNNNNNNCCCCCCNNNNNNCCCCCCNNNNNNCCCCCCNNNNNNNNNNNNNNNNNNCCCCCCCCCCCCCCCCCCCCCCCCCCCCCCCCCCCCCCCCCCNNNNCCCCCCCCCCCCNNNNNNNNCCCCCCNNNNNNNNNNNNNNNNNNNNNNNNNNNNNNNNNNNN	m84091_241205_180120_s2/265291962/ccs,m84091_241209_233055_s4/81855640/ccs,m84091_241209_233055_s4/240064089/ccs,m84091_241209_213135_s3/215811368/ccs,m84091_241209_213135_s3/45417489/ccs,m84091_241205_180120_s2/27396563/ccs,m84091_241209_213135_s3/78840758/ccs
chr13q	495261	t2t-cn1-mat	21	4021	2055,2551,3425,4021,4199	20066,33844,16536,23670,13854	2,1,1,1,1	763	CCCCCCCCCCCCCSSSSSSNNNNNNNNNNNNNNNNNNNNNNNNPPPPPPPPPPPPPPPPPPPPPNNNNNNNNNNNNNNNNNNSDDDDDDSDDDDDDSDDDDDDCCCCCCVVVVVVVCCCCCCCCCCCCCCCCCCCCCCCCCCCCCCCCCCCCVVVVVVVVCCVCCCCCCCCCCCCCCCCCCVVVVVVVVVVVVVVVVVVVVVVVVVVVVVVVVVVCCCCCCCCCCCCCCCCCCCCCCCCCCCCCCCCCCCCCCCCCCCCCCCCCCCCCCCCCCCCVVVVVVVHHHHHHHHHHHHHHHHHHHHHHHHHHHHHHHHHHHHHHHHHHHHHHHHHHHHHHVVVVVVVVVVVVVVVVVVVVVCCCCCCCCCCCCCCCCCCCCCCCCCCCCCCCCCCCCCCCCCCCCCCCCCCCCCCCCCCCCCCCCCCCCCCCCCCCCCCCCCCCCCCCCCCCCCCCCCCCCCCCCCCCCCCCCCCCCCCCCCCCCCCCCCCCCCCCCCCCCCCCCCCCCCCCCCCCCCCCCCCCCCCCCCCCCCCCCCCCCCCCCCCCCCCVVVVVVVVVVVVVVVVVVVVVVVVVVVVCCCCCCCCCCCCCCCCCCCCCCCCCCCCCCCCCCCCCCCCCCCCCCCCCCCCCVVVVVVVVVVVVVVCCCCCCCCCCCCCCCCCCHHHHHHHHHHHHHHHHHHHHHHHHHHHHHHHHHHHHHHHHHHHHHHHHHHHHHHHHHHHHHHHHCCCCCCCCCCCCTTTTTTTTTTTTTTTTTTTTTTTTTTT	m84091_241209_233055_s4/213718053/ccs,m84091_241209_233055_s4/9306410/ccs,m84091_241209_213135_s3/175506548/ccs,m84091_241209_233055_s4/176357628/ccs,m84091_241209_233055_s4/197791140/ccs
chr13q	496643	t2t-cn1-pat	7	3366	646,658,2569,5760	40814,20099,16770,12444	1,1,4,1	465	CCCCCCCCCCCCCNNNNNNAAAAAANNNNNNNNNNNNNNNNNNNNNNNNNNNNNNTTTTTTTTTTTTTTCCCCCCCCCCCCCCCCCCCCCCCCHHHHHHHHHHHHHCCCCCCRRRRRRRRRRRRRRRRRRHHHHHHHHHHHHHHHHHHCCCCCCCCCCCCCCCCCCCCCCCCCCCCCWWWWWWWWWWCCCCCCCCCCCCCCCCCCVVVVVVVCCCCCCCCCCCCCCCCCCWWWWWWWWWWCCCCCCCCCCCCCCCCCCVVVVVVVCCCCCCCCCCCCVVVVVVVCCCCCCCCCCCCCCCCCCVVVVVVVCCCCCCCCCCCCCCCCCCCCCCCCCCCCCCCCCCCHHHHHHHHHHHHHCCCCHCCCCCCCCCCCCCCCCCCCCCCCCVVVVVVVVCCCCCCCCCCCCWWWWWWWWWWCCCCCCCCCCCCTTTTTTTTTTTTTTHHHHHHHHHHHHHHHHHHHHHHH	m84091_241209_213135_s3/137695586/ccs,m84091_241209_233055_s4/226885890/ccs,m84091_241209_233055_s4/75893620/ccs,m84091_241209_233055_s4/153551289/ccs
chr16p	2330	t2t-chm13	17	3441	532,2573,2861,3075,3563,4818	25977,20174,14654,27745,17377,24716	3,1,7,1,1,1	757	SSSSSSFFFFFFFFFFFFFFFFFFIIIIIIIIIIIIIIIIIIHHHHHHHHHHHHHHHHHHCCCCCCNNNNNNCCCCCCNNNNNNCCCCCCNNNNNNCCCCCCCCCCCCCCCNNNNNNCCCCCCNNNNNNCCCCCCNNNNNNCCCCCCNNNNNNCCCCCCNNNNNNCCCCCCVVVVVVVCCCCCCCCCCCCCCCCCCNNNNNNNNNNNNCCCCCCNNNNNNNNNNNNCCCCCCCCCCCCNNNNNNNNNNNNNNNNNNCCCCCCNNNNNNNNNNNNNNNNNNNNNNNNVVVVVVVVVVVVVVVCCCCCCCCCCCCVVVVVVVVCCCCCCCCCCCCCCCCCCNNNNNNVVVVVVVVVVVVVVCCCCCCHHHHHHHHHHHHHHHHHHGGGGGGFFFFFFFFFFFFFFFFFFFFFFFFFFFFFFFFFFFFFFFFFFFFFFFFVVVVVVVVVVVVVVVVVVVVVCCCCCCCCCCCCCCCCCCCCCCCCCCCCCSSSSSSCCCCCCCCCCCCCCCCCCCCCCCCCHHHHHHHHHHHHVVVVVVVHHHHHHHHHHHHHHHHHHHHHHHHCCCCCCVVVVVVVCCCCCCCCCCCCCCCCCCVVVVVVVVVVVVVVCCCCCCVVVVVVVVVVVVVVVVVVVVVVVVVVVVCCCCCCCCCCCCCCCCCCCCCCCCCCCCCCCCCCCCCCCCCCCCCCCVVVVVVVVVVVVVVVVVVVVVVVVVVVCCCCCCVVVVVVVCCCCCCCCCCCCVVVVVVVVVVVVVVVVVV	m84091_241209_213135_s3/105714861/ccs,m84091_241209_233055_s4/73664115/ccs,m84091_241205_180120_s2/148771977/ccs,m84091_241209_233055_s4/13502276/ccs,m84091_241205_180120_s2/62723393/ccs,m84091_241209_213135_s3/225444898/ccs
chr16q	497030	t2t-i002c-mat	16	3137	100,1459,2620,4690	15903,29009,23428,14331	0,0,0,1	817	CCCCCCCCCCCCCSSSSSSNNNNNNNNNNNNNNNNNNNNNNNNNNNNNNNNNNNNCCCCCCLLLLLLNNNNNNNNNNNNNNNNNNNNNNNNNNNNNNTTTTTTTTTTTTTTTTTTTTTTTTTTTTCCCCCCCCCCCCCCCCCCTTTTTTTCCCCCCCCCCCCCCCCCCNNNNNNTTTTTTTTTTTTTTTTTTTTTTTTTTTTCCCCCCCCCCCCVVVVVVVVVVVVVVCCCCCCCCCCCCCCCCCCCCCCCCCCCCCCCCCCCCCCCCCCVVVVVVVVVVVVVVVVVVVVVCCCCCCCCCCCCVVVVVVVCCCCCCCCCCCCCCCCCCCCCCCCCCCCCCCCCCCCCCCCCCTTTTTTTCCCCCCHHHHHHHHHHHHHHHHHHHHHHHHHHHHHHCRRRRRRRRRRRRRRRRRRRRRRRRHHHHHHHHHHHHRRRRRRRRRRRRRRRRRRRRRRRRRRRRRRRRRRRRRRRRRRRRRRRRCCCCCCCCCCCCCCCCCCCCCCCCNNNNNNCCCCCCCCCCCCCCCCCCCCCCCCCCCCCCLLLLLLLLLLLLLLLLLLCCCCCCCCCCCCCCCCCCCCCCCCCCCCCCCCCCCCFFFFFFFFFFFFFFFFFFFFFFFFFFFFFFFFFFFFCCCCCCCCCCCCCCCCCCCCCCCCCCCCCCCCCCCCCCCCCCCCCCCCCCCCCCCCCCCCCCCCCVVVVVVVCCCCCCCCCCCCCCCCCCCCCCCCCCCCCCCVVCCCCVCCCCCCCCCCCCCCCCCCCCCCCCCCCCCCCCCCCCVVVVVVVVVVVVVVVVVVVVVVVVVVVCCVVVVVVVVVVVV	m84091_241209_233055_s4/56038101/ccs,m84091_241209_233055_s4/159649237/ccs,m84091_241209_233055_s4/81397550/ccs,m84091_241205_180120_s2/58855481/ccs
chr16q	496701	t2t-yao-mat	38	1317	128,232,237,1317,5686	15913,16896,15730,13851,18593	26,0,1,1,25	544	CCCCCCCCCCCCHHHHHHHHHHHHHHHHHHCCCCCACCCCCCACCCCCCLLLLLLLLLLLLLLLLLLAAAAAACCCCCCCCCCCCCCCCCCCCCCCCCCCCCCCCCCCCCCCVVVVVVVVVVVVVVVVVVVVVCCCCCCNNNNNNNNNNNNCCCCCCAAACCCCCCCCCNNNNNNVVVVVVVSSSSSSAAAACCCNNNNNNCCCCCCSSSSSSCCCCCCAAACCCCCCCCAAAAAAACCCCCCVVVVVVVNNNNNNCCCCCCVVVVVVVVVVVVVVVVVVVVVVVVVVVAACCCCFFFFFFGGGGGAAAAAAATTTTTTTCCCCCCVVVVVVVCCCCCCCCCCCCCCCCCCCCCCCCVVVVVVVCCCCCCTTTTTTATTTTTTTTTTTTTTDDDDDDDDDDDDACCCCCCEEEEEEECCCCCCVVVVVVVAAAAAAAVVVVVVVCCCCCCAAAACCCCCCCCCFFFFFFAFFFFFFAFFFFFFFFFFFFCCCCCCSSSSSSVVVVVVVVAAACCCCCCCCCTTTTTTTCCCCCCVVVVVVVVVV	m84091_241209_213135_s3/17500783/ccs,m84091_241209_213135_s3/128061553/ccs,m84091_241209_233055_s4/163708945/ccs,m84091_241209_233055_s4/130486160/ccs,m84091_241209_213135_s3/208277722/ccs
chr17p	2226	t2t-chm13	8	3750	838,1031,1478,3750,4526	20966,19537,15604,21787,15215	26,20,29,15,1	1649	CCCAAAAAAGGGGGAAAAACCCCCCCCCCCCCCCCCCCCCCCCHHHHHHHHHHHHHHHHHHCCCCCCCCCCCCCCCCCCCCCCCCCCCCCCCCCCCCCCCCCCCCCCCCCCCCCCCCCCCCCCCCCCCCCCCCCCCCCCCCCCCCCCCCCCCCCCCCCCCCCCCCCCCCCCCCCCCCCCCCCCCCCCCCCCCCCCCCVVVVVVVCCCCCCCCCCCCCCCCCCCCCCCCCCCCCCCCCCCCCCCCCCCCCCCCVVVVVVVVVVVVVVVVVVVCCCCCCCCCCCVVVVVVVVVVVVVVVVVVVVVVVVVVVVVVVVVVVVVCCCCCCCCCCCCCCCCCCCCCCCCCCCCCCCCCCCCCCCCCCCCCCCCCCCCCVVVVVVVCCCCCCCCCCCCCCCCCCCCCCCVVVVVVVVVVVVVVVVVVVCCCCCCCCCCCCCCCCCCCCCCCVVVVVVVVVVVVVVVVVVVCCCCCCCCCCCVVVVVVVVVVVVVVVVVVVCCCCCCCCCCCCCCCCCCCCCCCCCCCCCCCCCCCCCCCCCCCCCCCCCCCCCCCCCCCCCCCCCCCCCCCCCCCCCVVVVVCCCCCCCCCCCCCCCCCCCCCCCCCCCCCCCCCCCCCCCCCCCCCCCCCCCCCCCCCCCCCCCCCCCCCCCCCCCCCCCCCCCCCCCCCCCCCCCCCCCCCCCCCCCCCCCCCCCCCCCCCCCCCCCCCCCCCCCCCCCCCCCCCCCCCCCCCCCCCCCCCCCCCCCCCCCCCCCCCCCCCCCCCCCCCCCCCCCCCCCCCCCCCCCCCCCCCCCCCCCCCCCCCCCCCCCCCCCCCCCCCCCCCCCCCCCCCCCCCCCCCCCCCCCCCCCCCCCCCCCCCCCCCCCCCCCCCCCCCCCCCCCCCCCCCCCCCCCCCCCCCCCCCCCCCCCCCCCCCCCCCCCCCCCCCCCCCCCCCCCCCCCCCCCCCCCCCCCCCCCCCCCCCCCCCCCCCCCCCCCCCCCCCCCCCCCCCCCCCCCCCCCCCCCCCCCCCCCCCCCCCCCCCCCCCCCCCCCCCCCCCCCCCCCCCCCCCCCCCCCCCCCCCCCCCCCCCCCCCCCCCCCCCCCCCCCCCCCCCCCCCCCCCCCCCCCCCCCCCCCCCCCCCCCCCCCCCCCCCCCCCCCCCCCCCCCCCCCCCCCCCCCCCCCCCCCCCCCCCCCCFFFFFFFFFFFFFFFFFFFFFFFFFFFFFFFFFFFFFFFFFFCCCCCCFFFFFFCCCCCCCCCCCCCCCCCCCCCCCCCCCCCCCCCCCCCCCCCCCCCCCCCCCCCCCCCCCCCCCCCCCCCCCCCSSSSSSSSCCCCCCSSSSSSSSCCCCCCCCCCCCCCCCCCCCCCCCCCCCCCCCCCCVVVVVVVVCCCCCCCCCCCCSSSSSSSSCCCCCCCCCCCCCCCCCCCCCCCCCCCCCCCCCCCCCCCCCCCCCCCCCCCCCCCCCCCCCCCCCCVVVVVVVVVVVVVVVVCCVHCHHHHHHHHHCCCCCCCCCCCCCCCCCCCCCCCCCCCCCCCCCCCCCCCCCCCCCCCCCCCCCCCCCCCCCCCCCCCCCCCCCCCCCCCCCCCCCCCCCNNNNNNNNNNNNNNNNNNNNNNNNNNNNNNNNNNNNNNNNNNCCCCCCCCCCCCNNNNNNNNNNNNNNNNNNNNNNN	m84091_241205_180120_s2/113119812/ccs,m84091_241209_233055_s4/192022344/ccs,m84091_241209_213135_s3/36770977/ccs,m84091_241205_180120_s2/96338291/ccs,m84091_241209_233055_s4/137694247/ccs
chr17p	6134	t2t-ksa001-pat	11	3027	2228,2638,2720,3951	10141,11901,23751,14413	28,13,10,60	909	CCCAAAAAAGGGGGAAAAACCCCCCCCCCCCCCCCCCCCCCCCCCCCCCCCCCCCCCCCCCCCCCCCCCCCCCCCCCCCCCCCCCCCCCCCCCCCCCCCCCCCCCCCCCCCCCCCVVVVVVVHHHHHHHHHHHHHHHHHHHHHHHHHHHHHHHHHHHHHHHHHHHHHHHHVVVVVVVVVVVVVVVVVVVVVCCCCCCCCCCCCCCCCCCCCCCCCCCCCCCCCCCCCCCCCCCCCCCCCCCCCCCCCCCCCVVVVVVVVCCCCCCCCCCCCCCCCCCCCCCCCCCCCCCCCCCCCCCCCCCVVVVVVCHHHHHHHHHHHHHHHHHHHHHHHHHHHHHHCCCCCCCCCCCCCCCCCCCCCCCCCCCCCCCCCCCCCCCCCCCCCCCCVVVVVVVVHHHHHHHHHHHHHHHHHHCCCCCCCCCCCCCCCCCCCCCCCCCCCCCCCCCCCCCCCCCCCCCCCCVVVVVVVCCCCCCFFFFFFCCCCCCFFFFFFFFFFFFFFFFFFFFFFFFFFFFFFFFFFFFFFFFFFFFFFFFFFFFFFCCCCCCCCCCCCCCCCCCVVVVVVVCCCCCCCCCCCCCCCCCCCCCCCCCCCCCCCCCCCCCCCCCCCCCCCCCCCCCCCCCCCCCCCCCCCCCCCCCCCCCCCCCCCCCCCCCCCCCCCCCCCCCCCCCCCCCCCCCCCCCCCCCCCCCCCCCCCCCCCCCCCCCCCCCCCCCCCCCCCCCCCCCCCCCCCCCCCCCCCCCCCCCCCCCCCCCCCCCCCCCCCCCCCCCCCCCCCCCCCCCCCCCCCCCCCCCCCCCCCCCCCCCCNCNNNNNNNNNNNNPPPPPPNNNNNNNNNNNNNNNNNNNNNNNNNNNNNNNNNNNNNNPPPNNNNNNNNNNNNNNNNNNNNNNNNNNNNNNNNNNNNNNNNNN	m84091_241209_213135_s3/222826532/ccs,m84091_241209_233055_s4/106301190/ccs,m84091_241209_233055_s4/174785865/ccs,m84091_241209_213135_s3/118031713/ccs
chr17q	496979	t2t-chm13	36	4311	1129,3088,3184,4311,4712	18876,18678,24680,17087,20460	1,1,1,1,1	953	CCCCCCCFFFFFFNNNNNNNNNNNNCCCCCCPPPPPPNNNNNNNNNNNNPPPPPPPVVVVVVVVVVVVVVDDDDDDEEEEEEEEEEEEEEEEEEEEEEEEEEEEEEEDDDDDDDDDDDDDDDDDDADDDDDDCCCCCCDDDDDDASSSSSSAAAAAAAACCCCCCCCCCCCCCCCCCCCCCCCCCCCCCCCCCCVVVVVVVVVVVVVHHHHHHHHHHHHHHHHHHHHHHHHHHHHHHCCCCCCCCCCCCTTTTTTTTTTTTTTCCCCCCCCCCCCCCCCCCCCCCCCCCCCCCCCCCCCCCCCCCCCCCCCCCCCCCCCCCCCCCCCCCCCCCCCCCCCCCCCCCCCCCCCCCCCCCCCCCCCCCCCCVVVVVVVTTTTTTTVVVVVVVCCCCCCVVVVVVVVVVVVVVVVVVVVVVVVVVVVCCCCCCCCCCCCCCCCCCTTTTTTTTTTTTTTTTTTCCCCCCCCCCCCCCCCCCCCCCCCCCCCCCCCCCCCCCCCCCCCCCCCCCCCCCCCCCCCVVVVVVVCCCCCCCCCCCCTTTTTTTCCCCCCCHHHHHHHHHHHHHHHHHHHHHHHHHHHHHHHHHHHHHHHHHHCCCCCCCCCCCCCCCCCCVVVVVVVCVVVVVVVVVVVVVVVVVVWWWWWWWWCCCCCCCCCCCCCCCCCCCCCCCCCCCCCCCCCCCCCCCCCCCCCCCCCCCCCCCCCCCCCCCCCCCCCCCCCCCCVVVVVVVVVCCCCCCCCCCCCCCCCCCCCCCCCCCCCCCCVVVVVVVVVVVVCCCCCCCCCCCCCCCCCCCSSSSSSVVVVVVVVVVVVVCCCCCCCCCCCCCCCCCCCCCCCCCCCCCCCCCCCCCCCCCCCCCCCCCCCCCCCCCCCCCCCCCCCCCCCCCCCCCCCCCCCNNNNNNNNNNNNNNNNNNNNNNNNNNNNNNNNNNNNNNNNNNNNNNNNNNNNNNNNNN	m84091_241209_213135_s3/158536242/ccs,m84091_241205_180120_s2/150935402/ccs,m84091_241209_233055_s4/220791030/ccs,m84091_241209_213135_s3/225051472/ccs,m84091_241209_213135_s3/256972412/ccs
chr18p	217959	t2t-chm13	5i	4299	2138,2677,3873,5579	15308,18113,18681,19669	2,2,2,2	435	VVCCCCCCAAACCCCCCCCAAAAAAAAACCCAAAAAAAAAAAACCCAAAAAACCCCCCTTTTTTTCCCCCCFFFFFFFFFFFFCCCCCCVVVVVVVAAAAAAHHHHHHHHHHHHCCCCCCVVVVVVVVTTTTTTTCCCCCCTTTTTTTCCCCCCCCCCCCAAAACCCVVVVVVVAAACCCAAAAAAATTTTTTTCCCCCCCCCCCCVVVVVVVCCCCCCCCCCCCTTTTTTTTTTTTAAAAAAMMMMMALLLLLLCCCCCCCCCCCCCVVVVVVVCCCCCCCCCCCCCCCCCLLLLLLCCCCCCAAAACCCVVVVVVVAAACCCAAAAAAATTTTTTTCCCCCCCCCCCCCCCCCCVVVVVVVCCCCCCSSSSSSAAAAAACCCCCCAAAAAALLLLLLLLLLLLLCCCCCCCCCCCCLLLLLLCCCCCCSSSSS	m84091_241209_213135_s3/14028512/ccs,m84091_241205_180120_s2/103618383/ccs,m84091_241205_180120_s2/75239376/ccs,m84091_241209_213135_s3/152375885/ccs
chr18q	495883	t2t-i002c-mat	0	1468	307,599,1132,2478	19868,16689,17435,13727	7,12,7,9	964	CCCAAAAAACCCAACCCCCCCCCCCCCCCCCCCCCCCCCCCCCCCCCCCCCCCCCCCCCCCCCCCCCCCCCCCCCCCCCCCCCCCTTTTTTCCCCCCCCCCCCVVVVVVVCCCCCCCCCCCCWWWWWWWWWWCCCCCCWWWWWWWWWWCCCCCCCCCCCCCCCCCCCCCCCCCCCCCCCCCCCCVVVVVVVCCCCCCSSSSSSSSCCCCCCCCCCCCCCCCCCCCCCCCCCCCCCVVVVVVVCCCCCCCCCCCCSSSSSSSSCCCCCCCCCCCCCCCCCCCCCCCCCCCCCCCCCCCCCCCCCCVVVVVVVCCCCCCCCCCCCCCCCCCCCCCCCCCCCCCCCCCCCCCCCCCCCCCCCCCCCCCCCCCCCCCCCCCCCCCCCCCCCCCCCCCCCCCCCCCCCCCCCCCCCCCCCCCHHHHHHHHHHHHCCCCCCCCCCCCCCCCCCCCCCCCCCCCCCVVVVVVVVVVVVVVCCCCCCCCCCCCCCCCCCCCCCCCCCCCCCCCCCCCCCCCCCCCCCCCCCCCCCCCCCCCCCCCCCCCCCCCCCCCCCCCCCCCCCCCCCCCCCCCCCCCCCVVVVVVVCCCCCCCCCCCCCCCCCCCCCCCCCCCCCCCCCCCCCCCCCCCCCCCCCCCCCCCCCCCCCCCCCCCCCCCCCVVVVVVVVVVVVVCCCCCCCCCCCCCCCCCCCCCCCCCCCCCCCCCCCCCCCCCCCCCCCCCCCCCCCCCCCCCCCCHHHHHHHHHHHHHHHHHHHHHHHHHHHHHHHHHHHHHHHHHVVVHHHHHHCCCCCCCCCCCCCCCCCCCCCCCCCCCCCCVVVVVVVCCCCCCCCCCCCCCCCCCCCCCCCCCCCCCCCCCCCCCCCCCCCCCCCVVVVVVVCCCCCCCCCCCCCVVVVVVVCCCCVVVVVVVCCCCCCCCCCCCCCCCCCCCCCCCCCCCCCCCCCCCCCCCCCCCCCCCCVVVVVVVVVV	m84091_241209_213135_s3/109122307/ccs,m84091_241209_233055_s4/154797150/ccs,m84091_241209_233055_s4/21956217/ccs,m84091_241209_213135_s3/217383939/ccs
chr19p	2295	t2t-chm13	32	3759	283,578,1781,2879,3282,3703,3927,4191	13526,23257,16976,28783,19406,14746,26923,22868	60,4,5,4,60,46,46,60	579	CCCAAAAAACCCCCCCCCCCCCCCDDDDDDPPPPPPPPPPPPPPPPPPDDDDDDEEEEEEVVVVVVVTTTTTTTTTTTTTTVVVVVVVTTTTTTTCCCCCCCCCCCCCCCCCCCCCCCVVVVVVVVVVVVVVCCCCCCCCCCCCCCCCCCCCCCCCCCCCCCCCCCCSSSSSSCCCCCCCCCCCCLLLLLLLLLLLLLLLLLLAPPPPPAPPPPPAPPPPPCCCCCCWWWWWWWWWWVVVVVVVVVVVVVVVVVVVVVVVVVVVVCCCCCCCCCCCCCCCCCCCCCCCCCCCCCCCCCCCCCCCCCCCCCCCCCCCCCTTTTTTTTTTTTTTCCCCCCCCCCCCCCCCCCCCCCCCCCCCCCCCCCCCCCCCCCCCCCCCCCCCCCCCCCCCCCCCCCCCCCCCCCCCCCCCCCCCCCCCCCCCCCCCCCCCCCCCCCCCCCCCCCCCCCCCCCCCCCCCCCCCCCCCCCCCCCCCCCCCCCCCCCCCCCCCCCCCCCCCCCCCCCCCCCCCCCCCCCCCCCCCCCHHHHHHHHHHHHHHHHHHHHHHHHHHHHHHHHHHHHHHHHHHHHHHHHHHHHH	m84091_241209_213135_s3/114691816/ccs,m84091_241209_233055_s4/141492358/ccs,m84091_241209_233055_s4/118227156/ccs,m84091_241209_213135_s3/111347513/ccs,m84091_241209_213135_s3/48759010/ccs,m84091_241209_213135_s3/7606249/ccs,m84091_241209_233055_s4/58396591/ccs,m84091_241209_233055_s4/145621294/ccs
chr19p,chr3q	2430,495932	t2t-hg002-pat,t2t-yao-pat	33	2520	-2217,1407,1714,1770,2106,2222,2449,2544,3242,3750	10836,17175,14205,20479,29044,41235,23726,15920,14093,14399	1,0,1,3,0,1,1,1,1,2	4800	FFFFFFAAAAAKKKKKKCCCCCCCCCCCCCCCCCCCCCCCCVVVVVVVVVVVVVVCCCCCCCCCCCCCCCCCCVVVVVVVCCCCCCHHHHHHHHHHHHCCCCAACIIIIIIIIIIIIIIIIIIGGGGGCCCCCCCCGGGGGVVVVVVVCCCCCCVVVVVVVCCCCCCCCCCCCCCCCCCCCCCCCVVVVVVVCCCCCCCCCCCCVVVVVVVCCCCCCCCCCCCIIIIIIIIIIIIIIIIIIIIIIIIIIIIIIGGGGGVVVVVVVCCCCCCVVVVVVVCCCCCCCCCCCCCCCCCCCCCCCCCCCCCCCCCCCCVVVVVVVCCCCCCCCCCCCTTTTTTFFFFFFFFFFFFFFFFFFCCCCCCCCCCCCCCCCCCCCCCCCCCCCCCCCCCCCCCCCCCCCCCCCCCCCCCCCCCCCCCCCCCCCCCCCCCCCCCCCCCCCCCCCCCCCCCCCCCCCCCCCCCCCCCCCCCCCCCCCCCCCCCCCCCCCCCVVVVVVVCCCCCCPPPPPPPPPPPCCCCCCCCCCCCSSSSSSCCCCCCCCCCCCCCCCCCCCCCCCCCCCCCCCCCCCVVVVVVVCCCCCCCCCCCCCCCCCCCCCCCCCCCCCCCCCCCCCCCCCCVVVVVVVCCCCCCCCCCCCCCCCCCCCCCCCVVVVVVVCCCCCCNNNNNNNNNNNNNNNNNNNNNNNNNNNNNNNNNNNNCCCCCCNNNNNNCCCCCCNNNNNNNNNNNNNNNNNNPPPPPPPNNNNNNNNNNNNNNNNNNNNNNNNNNNNNNCCCCCCCCCCCCCCCCCCCCCCCCCCCCCCCCCCCCCCCCCVVVVVVVHHHHHHHHHHHHCCCCCCCVVVVVVVCCCCCCCCCCCCCCCCCCCCCCCCCCCCCCCCCCCCCCCCCCTTTTTTTCCCCCCTTTTTTTCCCCCCCCCCCCCCCCCCCCCCCCCCCCCCCCCCCCCCCCCCCCCCCCCCCCCCCCCCCCCCCCCCCCCCCCCCCCCFFFFFFFFCCCCCCCCCCCCCCCCCCCCCCCCCCVVVVVCCCCCCCCCCCCCCCCCCCCCCCCCCCCCCSSSSSSSSSSCCCCCCCCCCCCCCCCCCCCCCCCCCCCCCCCCCCCCCCCCCCCCCCCCCCCCCVVVVVCCCCCCCCCCCCCCCCCCCCCCCCCCCCCCCCCCCCCCCCCCCCCCCCHHHHHHHHHHHHHHVVVVVVVVVVVVCCCCCCCCCCCCCCCCCCCCCCCCCCCCCCCCCCCCCCCCCCCCCCCLLLLLLLLLLLLLLLLLLLLLLLLLLLLLLLLLLLLLLLLLLLLLLLLLLLLLLLLLLLLCCCCCCCCCCCCCCCCCCVVVVVVVVVVVVVCCCCCCCCCCCCCCCCCCCCCCCCCCCCCCCCCCCCCCCCCCCCCCCCCCCCCCCCCCCCCCCCCCCCCCCCCCCCCCCCCCCCCCCCCCCCCCCCCCCCCCCCCCCCCCCCCCCCCCCCCCCCCCCCCCCCCCCCCCCCCCCCCCCCCCCCCCCCCNNNNNNNNNNNNNNNNNNNNNCCCCCCNNNNNNCCCCCCNNNNNNCCCCCCNNNNNNNNNNNNNNNNNNNNNNNNNNNNNNNNNNNNNNNNNNNNNNNNNNNNNNCCCCCCCCCCCCCCCCCCCCCCCCCCCCCCVVVVVVVVVVVVVVCCCCCCCCCCCCCCCCCCVVVVCCCCCCCCCCCCCCCCCCCCCCCCCCCCCCCCCCCCCCCVVVVVVVVVVVVVVVVVVVVCCCCCCCCCCCCCCCCCCCCCCCCCCCCCCCCCCCCCCCCCCCCCCCCCCCCCCCCCCCCCCCCCCCCCCCCCCCCCCCCCCCCCCCCCCCCCCCCCCCCCCCCCCCCCCCCCCVVVVVVVVVVVVVVVVVVVVCCCCCCCCCCCCCCCCCCCCCCCCCCCCCCCCCCCCCCCCCCCCCCCCCCCCCCCCCCCCCCCCCCCCCCCCCCCCCCCCCCCCCCCCCCCCCCCCCCCCCCCCCCCCCCCCCCCCCCCCCCCCCCCCCCCCCCCCCCTCCCCCCCCCCCCCCCCCCCCCCCCCCCCCCCCCCCCCCCCCCCCCCCCCCCCCCCCCCCCCCCCCCCCCCCCCCCCCCCCCCCCCCCCCCCCCCCCCCCCCCCCCCCCCCCCCCCCCCCCCCCCCCCCCCCCCCCCCCCCCCCCCCCCCCCCCCCCCCCCCCCCCCCCCCCCCCCCCCCCCCCCCCCCCCCCCCCCCCCCCCCCCCCCCCCCCCCCCCCCCCCCCCCCCCCCCCCCCCCCCCCCCCCCCCCCCCCCCCVVVVVVVVVVVVVVVVVVVVVVVVVVVVCCCCCCCCCCCCCCCCCCCCCCCCCCCCCCCCCCCCCCCCCCCCCCCCCCCCCCCCCCCCCCCCCCCCCCCCCCCCCCCCCCCCCCCCCCCCCCCCCCCCCCCCCCCCCCCCCCCCCCCCCCCCCCCCCCCCCCCCCCCCCCCCCCCCCCCCCCCCCCCCCCCCCCCCVVVVVCCVVVVVVVVVVVVVVVVVVVVVVVVVVVVVVVVCCCCCCCCCCCCCCCCCCCCCCCCCCCCCCCCCCCCCCCCCCCCCCCCCCCCCCCCCCCCCCCCCCCCCCCCCCCCCCCCCCCCCCCCCCCCCCCCCCCCCCCCCCCCCCCCCCCCCCCCCCCCCCCCCCCCCCCCCCCCCCCCCCCCCCCCCCDDDDDDDDDDDDDDDDDDDDDDDDDDDDDDDDDDDDDDDDDDDDDDDDDDDDDDDDDDDDDDDDDDDDDDDDDDDDDDDDDDDDDDDDDDDDDDDDDDDDDDDDDDDDDDDDDDDDDDDDDDDDDDDDDDDDDDDDDDDDDDDDDDDDDDDDDDDDDDDDDDDDDDDDDDDDDDDDDDDDDDDDDDDDDDDDDDDDDDDDDDDDDDDDDDDDDDDDDDDDDDDDDDDDDDDDDDDDDDDDDDDDDDDDDDDDDDDDDDDDDDDDDDDDDDDDDDDDDDDDDDDDDDDDDDDDDDDDDDDDDDDDDDDDDDDDDDDDDDDDDDDDDDDDDDDDDDDDDDDDDDDDDDDDDDDDDDDDDDDDDDDDDDDDDDDDDDDDDDDDDDDDDDDDDDDDDDDDDDDDDDDDDDDDDDDDDDDDDDDDDDDDDDDDDDDDDDDDDDDDDDDDDDDDDDDDDDDDDDDDDDDDDDDDDDDDDDDDDDDDDDDDDDDDDDDDDDDDDDDDDDDDDDDDDDDDDDDDDDDDDDDDDDDDDDDDDDDDDDDDDDDDDDDDDDDDDDDDDDDDDDDDDDDDDDDDDDDDDDDDDDDDDDDDDDDDDDDDDDDDDDDDDDDDDDDDDDDDDDDDDDDDDDDDDDDDDDDDDDDDDDDDDDDDDDDDDDDDDDDDDDDDDDDDDDDDDDDDDDDDDDDDDDDDDDDDDDDDDDDDDDDDDDDDDDDDDDDDDDDDDDDDDDDDDDDDDDDDDDDDDDDDDDDDDDDDDDDDDDDDDDDDDDDDDDDDDDDDDDDDDDDDDDDDDDDDDDDDDDDDDDDDDDDDDDDDDDDDDDDDDDDDDDDDDDDDDDDDDDDDDDDDDDDDDDDDDDDDDDDDDDDDDDDDDDDDDDDDDDDDDDDDDDDDDDDDDDDDDDDDDDDDDDDDDDDDDDDDDDDDDDDDDDDDDDDDDDDDDDDDDDDDDDDDDDDDDDDDDDDDDDDDDDDDDDDDDDDDDDDDDDDDDDDDDDDDDDDDDDDDDDDDDDDDDDDDDDDDDDDDDDDDDDDDDDDDDDDDDDDDDDDDDDDDDDDDDDDDDDDDDDDDDDDDDDDDDDDDDDDDDDDDDDDDDDDDDDDDDDDDDDDDDDDDDDDDDDDDDDDDDDDDDDDDDDDDDDDDDDDDDDDDDDDDDDDDDDDDDDDDDDDDDDDDDDDDDDDDDDDDDDDDDDDDDDDDDDDDDDDDDDDDDDDDDDDDDDDDDDDDDDDDDDDDDDDDDDDDDDDDDDDDDDDDDDDDDDDDDDDDDDDDDDDDDDDDDDDDDDDDDDDDDDDDDDDDDDDDDDDDDDDDDDDDDDDDDDDDDDDDDDDDDDDDDDDDDDDDDDDDDDDDDDDDDDDDDDDDDDDDDDDDDDDDDDDDDDDDDDDDDDDDDDDDDDDDDDDDDDDDDDDDDDDDDDDDDDDDDDDDDDDDDDDDDDDDDDDDDDDDDDDDDDDDDDDDDDDDDDDDDDDDDDDDDDDDDDDDDDDDDDDDDDDDDDDDDDDDDDDDDDDDDDDDDDDDDDDDDDDDDDDDDDDDDDDDDDDDDDDDDDDDDDDDDDDDDDDDDDDDDDDDDDDDDDDDDDDDDDDDDDDDDDDDDDDDDDDDDDDDDDDDDDDDDDDDDDDDDDDDDDDDDDDDDDDDDDDDDDDDDDDDDDDDDDDDDDDDDDDDDDDDDDDDDDDDDDDDDDDDDDDDDDDDDDDDDDDDDDDDDDDDDDDDDDDDDDDDDDDDDDDDDDDDDDDDDDDDDDDDDDDDDDDDDDDDDDDDDDDDDDDDDDDDDDDDDDDDDDDDDDDDDDDDDDDDDDDDDDDDDDDDDDDDDDDDDDDDDDDDDDDDDDDDDDDDDDDDDDDDDDDDDDDDDDDDDDDDDDDDDDDDDDDDDDDDDDDDDDDDDDDDDDDDDDDDDDDDDDDDDDDDDDDDDDDDDDDDDDDDDDDDDDDDDDDDDDDDDDDDDDDDDDDDDDDDDDDDDDDDDDDDDDDDDDDDDDDDDDDDDDDDDDDDDDDDDDDDDDDDDDDDDDDDDDDDDDDDDDDDDDDDDDDDDDDDDDDDDDDDDDDDDDDDDDDDDDDDDDDDDDDDDDDDDDDDDDDDDDDDDDDDDDDDDDDDDDDDDDDDDDDDDDDDDDDDDDDDDDDDDDDDDDDDDDDDDDDDDDDDDDDDDDDDDDDDDDDDDDD	m84091_241209_233055_s4/56754335/ccs,m84091_241205_180120_s2/101650751/ccs,m84091_241209_213135_s3/92799302/ccs,m84091_241209_213135_s3/125045048/ccs,m84091_241209_213135_s3/67175813/ccs,m84091_241209_233055_s4/25559616/ccs,m84091_241209_233055_s4/229576887/ccs,m84091_241209_233055_s4/100536106/ccs,m84091_241209_233055_s4/230166802/ccs,m84091_241209_213135_s3/14227226/ccs
chr19q	496962	t2t-chm13	18	3335	903,2068,3050,3335,3551	25098,24166,22844,28386,16575	46,40,51,37,60	1027	QQQQAACCCAAAAAAACCCCCCCCCCCCCCCCCCCCCCCCCCCCCCCCCCCCCCCCCCCCCCCCCCCCCCCCCCCCCCCCCCCCCCCCCCCCCCCCCCCCCCCCCCCCCCVVVVVVVVCCCCCCCCCCCCCCCCCCVVVVVVVCCCCCCCCCCCCCCCCCCCCCCCCCCCCCCCCCCCCCCCCCCCCCCCCCCCCCCCCCCCCCCCCCCCCCCCCCCCCCCCCCCCCCCCCCCCCCCCCCCCCCCCCCCCCCCCCCCCCCCCCCCCCCCCCCCCCCCCCCCCCCCCCCCCCCCCCCCCCCCCCCCCCCCCCCTTTTTTTTTTTTTTCCCCCCCCCCCCCCCCCCCCCCCCCCCCCCCCCCWWWWWWWWWWWWWWWCCCCCCHHHHHHHHHHHHHHHHHHHHHHHHPPPPPPPPPPPPPPPPPPPPPPPPPPPPPPPPPPPPVVVVVVVCCCCCCCCCCCCCCCCCCCCCCCCCCCCCCVVVVVVVCCCCCCCCCCCCCCCCCCCCCCCCCCCCCCVVVVVVVVVVVVVVCCCCCCCCCCCCCCCCCCCCCCCCCCCCCCCCCCCCCCCCCCCCCCCCCCCCCCCCCCCCCCCCCCCCCCCCCCCCCTTTTTTTTTTTTTTTTTTCCCCCCCCCCCCCCCCCCCCCCCCCCCCCCVVVVVVVVCCCCCCCCCCCCCCCCCCCCCCCCCCCCCCCCCCCCWWWWWWWWWWCCCCCCCCCCCCCCCCCCCCCCCCCCCCCCCCCCCCCCCCCCCCCCCCCCCCCCCCCCCCCCCCCCCCCCCCCCCCCCCCCCCVVVVVVVCCCCCCCCCCCCCCCCCCCCCCCCCCCCCCCCCCCCCCCCCCVVVVVVVCCCCCCCCCCCCCCCCCCCCCCCCCCCCCCCCCCCCVVVVVVVCCCCCCCCCCCCCCCCCCCCCCCCFFFFFFFFFFFFFFFFFFFFFFFFFFFFFFFFFFFFFFFFFFCCCCCCCCCCCCCCCCCCFFFFFFFFFFFFCCCCCCFFFFFFFFFFFFFFFFFFFFFFFFFFFFFFFFFFF	m84091_241209_233055_s4/107614092/ccs,m84091_241209_233055_s4/209655428/ccs,m84091_241209_233055_s4/200149305/ccs,m84091_241209_213135_s3/128652161/ccs,m84091_241209_213135_s3/173278976/ccs
chr20p	4485	t2t-yao-mat	19	3457	358,2464,2476,2991,3613,3775	13474,17365,17825,25382,12257,25960	1,14,0,9,0,1	735	CCCCCCCCCCCCCSSSSSSSSSSSSSSSSSSHHHHHHHHHHHHHHHHHHVVVVVVVCCCCCCCCCCCCCCCCCCCCCCCCVVVVVVVCCCCCCCCCCCCCCCCCCVVVVVVVCCCCCCCCCCCCCCCCCCVVVVVVVVVVVVVVVVVVVVVVVVVVVVCCCCCCCCCCCCCCCCCCCCCCCCVVVVVVVVCCCCCCVVVVVVVVCCCCCCCCCCCCVVVVVVVVCCCCCCVVVVVVVVCCCCCCCCCCCCVVVVVVVVCCCCCCCCCCCCCCCCCCCCCCCCCCCCCCCCCCCCCCCCCCCCCCCCCCCCCCCCCCCCCCCCCCCCCCCCCCCCCCCCCCCCCCCCCCCCCCCCCCCCCCCCCCCCCCCCCCCCCCCCCCCCCCCCCCCCCCCCCCCCCCCCCCCCCCCCCCCCCCCCCCCCCCCCCCCCCCCCCCCCCCCCCCCCCCCCCCCCCCCCCVVVVVVVVVVVVVVCCCCCCCCCCCCCCCCCCCCCCCCFFFFFFFFFFFFFFFFFFFFFFFFFFFFFFFFFFFFFFFFFFFFFFFFFFFFFFFFFFFFFFFFFFCCCCCCCCCCCCCCCCCCCVVVVVVVVVVVVVVVVVVVVVCCCCCCCCCCCCCCCCCCCCCCCCCCCCCCFFFFFFFFFFFFFFFFFFFFFFFFFFFFFFFFFFFFFFFFFFFFFFFFFFFFFFFFFFFFFFFFFFFFFFFFFFFFFFFFFFFFFFFFFFFFFFFFFFFFFF	m84091_241209_213135_s3/58725856/ccs,m84091_241209_213135_s3/248053902/ccs,m84091_241209_233055_s4/69665667/ccs,m84091_241209_213135_s3/24185557/ccs,m84091_241209_233055_s4/83498879/ccs,m84091_241209_213135_s3/70256793/ccs
chr20q	494462	t2t-ksa001-pat	37	3587	375,391,1051,1507,2291,2986,3131,3740,4044,4209	14315,9476,17882,11027,30082,24760,32620,24369,22132,13059	5,4,5,4,16,7,7,6,3,8	1722	FFFFFFAAAAAQQQQQQCCCCCCCCCCCCCCCCCCVVVVVVVVVVVVVVVVVVVVVTTTTTTTCCCCCCCCCCCCCCCCCCCCCCCCCCCCCCVVVVVVVVVVVVVVCCCCCCCCCCCCCCCCCCCCCCCCTTTTTTTTTTTTTHHHHHHHHHHHHHHHHHHHHHHHHHHHHHHHHHHHHVVVVVVVCCCCCCHHHHHHHHHHHHCCCCCCCCCCCCCCCCCCCCCCCCCCCCCCCCCCCAVVVVVVVCCCCCCSSSSSSCCCCCCCCCCCCSSSSSSCCCCCCCCCCCCCCCCCCCCCCCCCCCCCCCCCCCCCCCCCCCCCCCAVVVVVVVCCCCCCCCCCCCCCCCCCCCCCCCCCCCCCCCCCCCCCCCCCCCCCCCCCCCCCCCCCCCCCCCCCCCCCCCCCCCCCCCCCCCCCCCCCCCCCCCCCCCCCCCCCCVVVVVVVVVVVVVVVVVVVVVVVVVVVVVVVCCCCCCCCCCCVVVVVVVVVVVVVVVVVVVCCCCCCCCCCCCCCCCCCCCCCCCCCCCCCCCCCCCCCCCCCCCCCCVVVVVVVVVVVVVVVVVVVCCCCCCCCCCCCCCCCCVVVVVVVVVVVVVVVVVVVVVVVVVVVVVVVCCCCCCCCCCCCCCCCCCCCCCCCCCCCCCCCCCCCCCCCCCCCCCCCCCCCCCCCCCCCCCCCCCCCCCCCCCCCCCCCCCCCCCCCCCCCCCCCCCCCCCCCCCCCCCCCCCCCCCCCCCCCCCCCCCCCCCCCCCCCCCVVVVVVVCCCCCCCCCCCCCCCCCCCCCCCCCCCCCCCCCCCCCCCCCCVVVVVVVVVVVVVVVVVVVVVCVCCCCCCCCCCCCCCCCCCCCCCCCCCCCCCCCCCCCCCCCCCCCCCCCCCCCCCCCCCCCCCCCCCCCCCCCCCCCCCCCCCCCCCCCCCCCCCCCCCCCCCCCCCCCCCCCCCCCCCCCCCCCCCCCCCCCCCCCCCCCCCCCCCCCCCCCCCCCCCCCCCCCCCCCCCCCCCCCCCCCCCCCCCCCCCCCCCCCCCCCCCCCCCCCCCCCCCCCCCCCCCCCCCCCCCCCCCCCCCCCCCCCCCCCCCCCCCCCCCCCCCCCCCCCCCCCCCCCCCCCCCCCCCCCCCCCCCCCCCCCCCCCCCCCCCCCCCCCCCCCCCCCCCCCCCCCCCCCCCCCCCCCCCCCCCCCCCCCCCCCCCCCCCCCCCCCCCCCCCCCCCCCCCCCCCCCCCCCCCCCCCCCCCCCCCCCCCCCCCCCCCCCCCCCCCCCCCCCCCCCCCCCCCCCCCCCCCCCCCCCCCCCCCCCCCCCCCCCCCCCCCCCCCCCCCCCCCCCCLLLLLCCCCCCCLLLLLLCCCCCCLLLLLLLLLLLLLLLLLLLLLLLLLLLLLLLLLLLLLLLLLLLLLLLLLLLLLLLLLLLLLLLLLLLLLLLLLLLLLLLLLLLLLLLLLLLLLLLLLLLLLLLLLLLLLLLLLLLLLLLLLLLLLLLLLLLLLLLLLLLLLLLLLLLLLLLLLLLLLLLLLLLLLLLLLLLLLLLLLLLLLLLLLLLLLLLLLLLLLLLLLLLLLLLLLLLLLLLLLLLLLLLLLLLLLLLLLLLLLLLLLLLLLLLLLLLLLLLLLLLLLLLLLLLLLLLLLLLLLLLLLLLLLLLLLLLLLLLLLLLLLLLLLLLLLLLLLLLLLLLLLLLLLLLLLLLLLLLLLLLLLLLLLLLLLLLLLLLLLLLLLLLLLLLLLLLL	m84091_241209_233055_s4/31003766/ccs,m84091_241209_213135_s3/11470940/ccs,m84091_241209_213135_s3/45551876/ccs,m84091_241209_233055_s4/187242244/ccs,m84091_241205_180120_s2/192024648/ccs,m84091_241209_233055_s4/81139276/ccs,m84091_241209_233055_s4/254282910/ccs,m84091_241209_213135_s3/59835196/ccs,m84091_241209_233055_s4/185405470/ccs,m84091_241209_233055_s4/112923754/ccs
chr21q	493798	t2t-ksa001-pat	35	3396	699,747,982,1956,3034,3141,3333,3417,3915,4611	17260,22357,17635,26459,15529,15411,17165,28165,14523,15312	17,21,12,21,15,17,26,19,13,23	1189	CCCCCCAAACCCNNNNNNAAACCCSDDDDDDVVVVVVVCCCCCCAAAAAANNNNNNAAACCCPPPPPPPVVVVVVVCCCCCCCCCCCCCCCCCCCCCCCCCCCCCCVVVVVVVASSSSSSACCCCCCCCCCCCCCCCAACCCCCCVVVVVVHHHHHHHHHHHHVVVVVVVVVVVVHHHHHHHHHHHHVVVVVVVVVVVVCCCCCCCCCCCCCCCCCCCCCCCVVVVVVVVVVVVVVVVVVVVVVVVVVVVVVVVVVCCCCCCCCCCCCCCCCCCTTTTTTTCCCCCCCCCCCCTTTTTTTCCCCCCCCCCCCCCCCCCCCCCCCVVVVVVVCCCCCCCCCCCCCCCCCCCCCCCCCCCCCCCCCCCCCCCCCCCCCCCCCCCCCCCCCCCCCCCCCCCCCCCCCCCCCCCCCCCCCCCCCCCCCCCCCCCCCCCCCCCCCCCCCCCCCCCCCCCCCCWWWWWWWWWWCCCCCCCCCCCCCCCCCCCCCCCCCCCCCCCCCCCCCCCCCCCCCCCCCCCCCCCCCCCCCCCCCCCCCCCCCCCCCCCCCCCCFFFFFFFFFFFFFFFFFFFFFFFFFFFFFFVVVVVVVVVVVVVVCCCCCCCCCCCCCCCCCCCCCCCCVVVVVVVCCCCCCCCCCCCCCCCCCCCCCCCCCCCCCCCCCCCCCCCCCCCCCCCCCCCCCCCCCCCCSSSSSSCCCCCCSSSSSSCCCCCCSSSSSSCCCCCCCCCCCCCCCCCCCCCCCCCCCCCCCCCCCCVVVVVVVCCCCCCCCCCCCCCCCCCCCCCCCCCCCCNNNNNNNNNNNNNNNNNNNNNNNNCCCCCNNNNNNNCCCCCCNNNNNNCCCCCCNNNNNNCCCCCCNNNNNNCCCCCCNNNNNNCCNNNNNNNNNNCCCCCCNNNNNNCCCCCCNNNNNNCCCCCCNNNNNNNNNNNNCCCCCCNNNNNNNNNNNNNNNNNNNNNNNNCCCCCCCCCCCCNNNNNNCCCCCCCCCCCCCCCCCCCCCCCCCCCCCCCCCCCCCCCCCCVVVVVVVVVVVVVVVVVVVVVCVCCCCCCCCCCCCCCCCCCCCCCCCCCCCCCCCCCDDDDDDDDDDDDDDDDDDDDDDDDDDDDDDDDDDDDDDDDDDEEEEEEEEEEEEDDDDDDDDEEEEEEEEEEDDDDDDDEEEEEDDDDDDDDDDDDDDDDDDDDDDDDDDDDDDD	m84091_241209_213135_s3/145428809/ccs,m84091_241209_213135_s3/145884149/ccs,m84091_241209_213135_s3/150279387/ccs,m84091_241209_213135_s3/145817774/ccs,m84091_241209_233055_s4/13765491/ccs,m84091_241209_233055_s4/174326454/ccs,m84091_241205_180120_s2/106037412/ccs,m84091_241209_213135_s3/137627798/ccs,m84091_241205_180120_s2/239143004/ccs,m84091_241205_180120_s2/137694169/ccs
chr22p	2382	t2t-hg002-mat	4	3041	-216,225,2955,3301	21375,14288,11442,21094	6,7,2,5	1448	CCCCCCCCCCCCCCCCDDDDDDDDDDDDDDDDDDDDDDDDPPPPPPDDDDDDPPPPPPPPPPPPPPPPPPPPPPPPPPPPPPPPPPPPPPPPPPPPPPPPPPPPPPPPPPPPPPPPPPPPPPPPPPPPPPPPPPPPPPPPPPPPPPPPPPPPPPPPPPPPPQQQQQQPPPPPPPPPPPPPPPPPPPPPPPPPPPPPPPPPPPPPPPPPPPPPPPPPPPPPPPPPCCCCPPPPPPPPPPPPPPPPPPPPPPPPPPPPPPPPPPPPPPPPPPPPPPPPPPCCCCAACCCCCCPPPPPPPPPPPPPPPPPPPPPPPPPPPPPPPPPPPPPPPPPPPPPPPPPPPPPPPPPPPPPPPPPPCCCCCCCCCCCCCCCCCCCFFCCCCCCCCCCCCCCCCCCCCCCCCCCCCFFFFFFCCCCCCCCCCCCFFFFFFFCCCCCCCCCCCFFCCCCCCCCCCCCCCCCCCCCCCCCCCCCFCCCCCCCCCCCCCCCCCCCCCCCCCCCCCFCCCCCCCCCCCCCCCCCCCCCCCFCCCCCCCCCCCCCCCCCFCCCCCCCCCCCCCCCCCCCCCCCCCCCCCFCCCCCCCCCCCFFFFFFFFFFFFCCCCCCCVVVVVVVCCCCCCCCCCCKCCCCCCCCCCCCCCCCCKKKKKKFFFFFFFKKKKKKKCCCCCCCCCCCCCCCCKCCCCCCCCCCCCCCCCCKKKKKKKCCCCCCCCCCCKKKKKKKCCCCCCCCCCCKKKKKKKCCCCCCCCCCCKKKKKKKCCCCCCCCCCCKKKKKKKKKKKKFKKKKKKKKKKKKKKKKKFKKKKKKKKKKKKKKKKKFKKKKKKCCCCCCCCCCCFFFCCCCCCCCCCCCCCCFCCCCCCCCCCCCCCCCCFCCCCCCCCCCCCCCCCCCCCCCCFCCCCCCCCCCCCCCCCCFCCCCCCCCCCCCCCCCCFCCCCCCCCCCCCCCCCCFCCCCCCCCCCCCCCCCCFCCCCCCCCCCCCCCCCCFCCCCCCCCCCCCCCCCCFCCCCCCCCCCCNNNNNNNCCCCCCCCCCCNNNNNNNCCCCCCCCCCCNNNNNNNNNNNNNNNNNNNCCCCCCCCCCCNNNNNNNNNNNNNNNNNNNNNNNNNNNNNNNNNNNNNNNNNNNNNNNNNNNNNNNCCCCCCCCCCCNCCCCCCCCCCCCCCCCCCCCCCCCCCCCCCCCCCCCCCCCCCCCCCCCCCCCCCCCCCCCCCCCCCCCCCCCCCCCCDDDDDDDDDDDDDDDDDDDDDDDDDDDDDDDDDDDDCCCCCCCCCCCCCCCCCCCCCCCCCCCCCCCCCCCCCCCCCCCCCCCCDDDDDDCCCCCCCCCCCCDDDDDDDDDDDDCCCCCCCCCCCCCCCCCCDDDDDDDDDDDDDDDDDDDDDDDDCCCCCCCCCCCCDDDDDDDDDDDDDDDDDDDDDDDDCCCCCCCCCCCCCCCCCCDDDDEEEEEEEDDDDD	m84091_241205_180120_s2/252709495/ccs,m84091_241205_180120_s2/9703793/ccs,m84091_241209_233055_s4/125768280/ccs,m84091_241205_180120_s2/150277391/ccs
chrYq,chrXq	494441,491011	t2t-i002c-pat,t2t-ksa001-mat	1	2567	274,627,2546,2633	27655,32299,26830,17037	1,1,1,1	617	CCCCCCFFFFFFFFFFFFHHHHHHHHHHHHCCCAAAHHHHHHHHHHHHHHHHHHHHHHHHHHHHHHCCCCCCCCCCCCVVVVVVVHHHHHHHHHHHHHHHHHHHHHHHHHHHHHHHHHHHHHHHHHHCCCCCCCFFFFFIFIIIIIIIIIIIIIIIIIIIIIIIIIIIIIIIIIIIIFFFFFFAFFFFFFFFFFFFFFFFFFFFFFFFAVVVVVVVVVVVVCCCCAHHHHHHHHHHHHHHHHHHHHHHHHVVVVVVVHHHHHHHHHHHHHHHHHHHHHHHHHHHHHHCCCCCCTTTTTTTCCCCCCVVVVVVVVVVVVVVCCCCCCHHHHHHHHHHHHCCCCCCCCCCCCCCCCCCCCCCCCCCCCCVVVVVVVVVVVVVVCCCCCCCCCCCCCCCCCFFFFFFFFFFFFFFFFFFFFFFFFFFFFFFCCCCCCCCCCCCVVVVVVVVVVVVVVVVCCCCCCCCCCCCCCCCCCCCCCCCCCCCCCCSSCCCCCCCCCCCSSSSSSSSCCCCCCCCCCCCCCCCCCCCCCCCCCCCCCCCCVVVVVVVCCCCCCCCCCCCVVVVVVVVVVVVVVVVVVVVVVVVVVVVVVVVVVVVVVVVVVVVVVVVVVVVVVVVV	m84091_241209_233055_s4/17959298/ccs,m84091_241209_233055_s4/142088069/ccs,m84091_241205_180120_s2/49351982/ccs,m84091_241209_213135_s3/99680468/ccs
